center_drift_m,center_orbit_rms_m,center_path_length_m,cpu_time,direction2_deg,direction_deg,end_time,energy_stop,exit_status,face2_angle_deg,face_angle_deg,face_radius,flat_stop,incidence_deg,initial_slip,initial_wobble_axis,inward_component,last_mode,lost_contact,mass,max_xmu,mean_vs,mode_changes,omega1,omega2,omega3,physical_hit,process_status,release_deg,score,skipped_physical,step_too_small,theta_excess_rate,theta_excess_variation,theta_max_abs,theta_rms,theta_span,timed_out,wall_time
0.00966951616266295,0.0031894894623272748,2.201357082107707,3.578,165.0,-15.0,91.457,True,0,315.0,135.0,0.045,False,14.999999999999998,0.9261,0.5723,0.25881904510252074,rolling,False,0.25,0.4548849,0.0013520925769205537,9,8.659,16.3731,3.5811,True,0,27.5,73.56392770458521,False,False,0.000704337905245088,64.4166318,1.5701151,1.4103920902729368,1.5701151,False,5.967396100000315
0.008462604918699677,0.003481448580389975,2.3524780769511007,3.484,165.0,-15.0,91.226,True,0,320.0,140.0,0.045,False,14.999999999999998,0.8704,0.6027,0.25881904510252074,rolling,False,0.25,0.4548289,0.0012568773784077082,9,8.1384,15.3887,4.4488,True,0,27.5,72.35120453354163,False,False,0.0008016312082081864,73.12960860000001,1.5701148,1.4105767842483172,1.5701148,False,5.850556800000049
0.00506297904498922,0.0042050497134411115,2.653188099122574,3.453,165.0,-15.0,90.656,True,0,310.0,130.0,0.045,False,14.999999999999998,0.9712,0.5518,0.25881904510252074,rolling,False,0.25,0.4549047,0.0014615487199002835,11,9.0808,17.1707,2.7041,True,0,27.5,72.32341312073868,False,False,0.0008521916563713378,77.2562868,1.5701149,1.4092535272647237,1.5701149,False,6.13550400000031
0.012858566015306683,0.005052631844530584,2.9219967555307953,2.75,165.0,-15.0,89.753,True,0,325.0,145.0,0.045,False,14.999999999999998,0.803,0.6471,0.25881904510252074,rolling,False,0.25,0.454865,0.0011784574537067986,11,7.5077,14.1962,5.2944,True,0,27.5,65.65907341081005,False,False,0.0011348881708689402,101.859618,1.57018,1.4097384329575005,1.57018,False,5.117580999999973
0.011510598866262349,0.0035158685681655716,2.380613120002435,2.797,165.0,-15.0,85.585,True,0,270.0,90.0,0.045,False,14.999999999999998,1.0877,0.5725,0.25881904510252074,rolling,False,0.25,0.4547835,0.00182877630920945,9,10.1704,19.2309,-4.2174,True,0,27.5,64.85026368018352,False,False,0.001048787605304668,89.7604872,1.5701623,1.4277305429002354,1.7315695,False,5.082777699999951
0.01341251189375055,0.0039419336966002826,2.549853137576662,2.672,165.0,-15.0,86.558,True,0,265.0,85.0,0.045,False,14.999999999999998,1.0828,0.5922,0.25881904510252074,rolling,False,0.25,0.4548838,0.0018146434212502453,9,10.1239,19.143,-5.0998,True,0,27.5,64.21520799213533,False,False,0.0011254363848517757,97.4155226,1.5701821,1.4232896739187424,1.7170478,False,4.836834299999737
0.011969338114114743,0.003779791051080914,2.4948808702847556,2.453,165.0,-15.0,84.435,True,0,275.0,95.0,0.045,False,14.999999999999998,1.0892,0.5567,0.25881904510252074,rolling,False,0.25,0.4549293,0.001820935750153963,9,10.1845,19.2575,-3.3483,True,0,27.5,62.69366676191569,False,False,0.001193204801326464,100.74824739999998,1.5702099,1.4298488542780121,1.748099,False,4.772952799999985
0.017066498284651132,0.004438327091633142,2.761642457851526,2.672,165.0,-15.0,87.143,True,0,260.0,80.0,0.045,False,14.999999999999998,1.0742,0.616,0.25881904510252074,rolling,False,0.25,0.4549533,0.0017983109405122555,9,10.0443,18.9925,-6.0004,True,0,27.5,62.38935696550402,False,False,0.001242201032785192,108.24912459999999,1.5702121,1.41959660841898,1.7040139,False,4.989576200000101
0.01382246124863441,0.004073364751676785,2.572990935262415,2.359,165.0,-15.0,83.992,True,0,280.0,100.0,0.045,False,14.999999999999998,1.0872,0.5445,0.25881904510252074,rolling,False,0.25,0.4546464,0.0018035011358089365,9,10.1652,19.2212,-2.4879,True,0,27.5,61.17635452412928,False,False,0.0012784557672159253,107.3800568,1.570242,1.4299284810691997,1.7672377,False,4.466629099999864
0.017731306986795984,0.004895865877444642,2.998219295431669,2.406,165.0,-15.0,87.045,True,0,255.0,75.0,0.045,False,14.999999999999998,1.062,0.6447,0.25881904510252074,rolling,False,0.25,0.4549001,0.0018079776715759482,9,9.9294,18.7751,-6.9232,True,0,27.5,60.3200861605444,False,False,0.0014042810730082141,122.235646,1.5702624,1.4171492536149253,1.6921642000000001,False,4.762703400000191
0.01474573063160995,0.005025135257625238,3.0583466327486613,2.328,165.0,-15.0,86.044,True,0,330.0,150.0,0.045,False,14.999999999999998,0.7228,0.7125,0.25881904510252074,rolling,False,0.25,0.454639,0.001257314886396653,9,6.7583,12.7791,6.1008,True,0,27.5,58.44560965386202,False,False,0.0014966016177769515,128.7735896,1.5703038,1.419646987035602,1.5703038,False,4.401321100000132
0.019951891633877727,0.005482842626329479,3.225132278670312,2.344,165.0,-15.0,86.314,True,0,250.0,70.0,0.045,False,14.999999999999998,1.0455,0.679,0.25881904510252074,rolling,False,0.25,0.4547486,0.0018491397288999593,9,9.7752,18.4836,-7.8715,True,0,27.5,56.93071462337156,False,False,0.0015836584007229417,136.6918912,1.5703306,1.4161298261995006,1.6812893999999998,False,4.600382399999944
0.013863806379562582,0.0046053221559488435,2.883250187643369,2.109,165.0,-15.0,81.988,True,0,285.0,105.0,0.045,False,14.999999999999998,1.0813,0.5357,0.25881904510252074,rolling,False,0.25,0.4548863,0.0019143479356986911,11,10.11,19.1168,-1.6313,True,0,27.5,56.7796988879981,False,False,0.0016052974630433722,131.6151284,1.5703749,1.4304282999704494,1.7901784,False,4.5750120000002426
0.01994076573479564,0.006545177363621191,3.7180992000674924,2.391,160.0,-20.0,89.281,True,0,310.0,130.0,0.045,False,20.0,1.0108,0.785,0.3420201433256687,rolling,False,0.25,0.4549111,0.001578092166394122,9,11.7945,16.4183,5.1965,True,0,27.5,56.775390473655655,False,False,0.00169161429867497,151.0290162,1.570366,1.4025957442207657,1.570366,False,4.662590899999941
0.019447636239142276,0.006613535416793347,3.735166884858822,2.266,160.0,-20.0,89.65,True,0,315.0,135.0,0.045,False,20.0,0.9625,0.8263,0.3420201433256687,rolling,False,0.25,0.4548622,0.001486425415221247,9,11.2307,15.6334,6.3821,True,0,27.5,56.688404694704396,False,False,0.0016814332693809255,150.74049259999998,1.5703579,1.4014198014201436,1.5703579,False,4.522606500000165
0.012691608265306657,0.004710947912262107,2.892313646567895,2.172,165.0,-15.0,80.942,True,0,290.0,110.0,0.045,False,14.999999999999998,1.0711,0.5304,0.25881904510252074,rolling,False,0.25,0.4549302,0.0019107533523590675,11,10.0145,18.9361,-0.7743,True,0,27.5,55.61444225182582,False,False,0.0016704219070445504,135.20729,1.5704085,1.432619885665897,1.8185512000000001,False,4.307865499999934
0.020998136379212322,0.006608376882836193,3.7709854188797682,2.156,160.0,-20.0,87.301,True,0,305.0,125.0,0.045,False,20.0,1.0494,0.7559,0.3420201433256687,rolling,False,0.25,0.4548688,0.0017483276316693777,9,12.2447,17.045,4.0106,True,0,27.5,54.09241171712917,False,False,0.0018222082564919072,159.080603,1.5704316,1.4065221049518009,1.5704316,False,4.335359499999868
0.014017450807118961,0.004669307972415905,2.868671914817176,2.094,160.0,-20.0,82.464,True,0,265.0,85.0,0.045,False,20.0,1.1287,0.7721,0.3420201433256687,rolling,False,0.25,0.454993,0.001986737904565573,9,13.171,18.3345,-5.1885,True,0,27.5,54.05431001027946,False,False,0.001578027076057431,130.1304248,1.5703603,1.4302604799413816,1.802751,False,4.180870000000141
0.014140751868270652,0.005046626401926351,3.074413294892426,2.109,160.0,-20.0,83.577,True,0,260.0,80.0,0.045,False,20.0,1.1185,0.7988,0.3420201433256687,rolling,False,0.25,0.4549468,0.0019914602861997176,9,13.0514,18.1679,-6.347,True,0,27.5,53.99641005965124,False,False,0.001646392244277732,137.6005246,1.5703722,1.4248120956159827,1.7796998,False,4.207624800000303
0.022374992715306078,0.0067894932126230925,3.8089074109769463,2.344,160.0,-20.0,88.887,True,0,320.0,140.0,0.045,False,20.0,0.9032,0.8839,0.3420201433256687,rolling,False,0.25,0.4548193,0.001443429912924129,9,10.5388,14.6703,7.5545,True,0,27.5,53.74438009244029,False,False,0.0017612446341984769,156.5517518,1.5703929,1.4026276780116835,1.5703929,False,4.501745000000028
0.020987997223413195,0.005805592797177716,3.4288064316986033,2.094,165.0,-15.0,84.622,True,0,245.0,65.0,0.045,False,14.999999999999998,1.0242,0.72,0.25881904510252074,rolling,False,0.25,0.4544144,0.001955315870389847,9,9.5764,18.1077,-8.8471,True,0,27.5,52.8321408744754,False,False,0.0017946465434520574,151.8665798,1.570437,1.4174781775191152,1.6712016,False,4.175226800000019
0.017910240995586857,0.005540049978463866,3.3026917573006846,2.031,160.0,-20.0,82.569,True,0,255.0,75.0,0.045,False,20.0,1.104,0.8319,0.3420201433256687,rolling,False,0.25,0.4548237,0.0021123317403415284,9,12.8823,17.9326,-7.5232,True,0,27.5,49.95138051801297,False,False,0.0018410500429943439,152.01366099999998,1.5704743,1.4234187388001744,1.7592466,False,4.073864699999831
0.023876411904848682,0.008913909086239525,3.977806719195004,2.016,160.0,-20.0,85.661,True,0,300.0,120.0,0.045,False,20.0,1.0794,0.7363,0.3420201433256687,rolling,False,0.25,0.4548808,0.0019410274065513294,11,12.5957,17.5336,2.8321,True,0,27.5,49.20153698699226,False,False,0.0019343148503986646,165.6953444,1.5705473,1.3906431767300158,1.5732254,False,4.274521100000129
0.011441672047825879,0.004535872994019252,2.7215765937834147,1.797,165.0,-15.0,74.503,True,0,295.0,115.0,0.045,False,14.999999999999998,1.0559,0.5289,0.25881904510252074,rolling,False,0.25,0.4544537,0.002289877975679158,11,9.8725,18.6676,0.0866,True,0,27.5,48.167740808306036,False,False,0.0019219850556353437,143.1936526,1.5705947,1.4441031325561346,1.8563561,False,3.612252200000057
0.016039817754887376,0.004552439545338286,2.7878236061152926,1.938,160.0,-20.0,77.708,True,0,270.0,90.0,0.045,False,20.0,1.135,0.7511,0.3420201433256687,rolling,False,0.25,0.4549802,0.00219813552355583,9,13.244,18.436,-4.0431,True,0,27.5,47.87709728780477,False,False,0.0017979569516652085,139.71563880000002,1.570499,1.4405670104792905,1.8292093,False,3.79067139999961
0.02470917842766125,0.0067933373040757515,3.7684132161177746,2.078,160.0,-20.0,83.324,True,0,325.0,145.0,0.045,False,20.0,0.8318,0.9645,0.3420201433256687,rolling,False,0.25,0.454837,0.0017203415313531356,9,9.7058,13.5108,8.6956,True,0,27.5,44.83955091298317,False,False,0.0020324858528155154,169.35485119999998,1.5705711,1.4128005350240416,1.5705711,False,4.157671399999799
0.02064387722909628,0.005936604434302729,3.2301651145987993,1.812,165.0,-15.0,76.406,True,0,240.0,60.0,0.045,False,14.999999999999998,0.9974,0.7692,0.25881904510252074,rolling,False,0.25,0.4547284,0.0025819673904223434,9,9.3262,17.6346,-9.85,True,0,27.5,42.146493543421634,False,False,0.0020879540350234272,159.53221599999998,1.5705953,1.4275320391670516,1.6616981,False,3.6894940999995924
0.018899548056236688,0.005725784480390012,3.0482300357040786,1.703,160.0,-20.0,73.458,True,0,250.0,70.0,0.045,False,20.0,1.0849,0.8723,0.3420201433256687,rolling,False,0.25,0.4548303,0.002867097530595298,11,12.6593,17.6222,-8.7202,True,0,27.5,38.12203321131206,False,False,0.0021264797598627787,156.2069502,1.5705921,1.4305103418990412,1.7408601000000001,False,3.4987160000000586
0.021683940836019638,0.006038143556938985,3.3681303691518614,2.703,160.0,-20.0,93.577,True,0,350.0,170.0,0.045,False,20.0,0.2838,2.9015,0.3420201433256687,rolling,False,0.25,0.4547689,0.0005931149137617816,9,3.3115,4.6097,12.9586,True,0,27.5,33.99231895950314,False,False,0.0012756952135674364,119.37573099999999,1.5702098,1.3909620164611998,1.5702098,False,5.015892099999746
0.042761993806182605,0.01115037639975452,4.939711732183114,2.344,165.0,-15.0,95.124,True,0,200.0,20.0,0.045,False,14.999999999999998,0.4798,2.16,0.25881904510252074,rolling,False,0.25,0.4548059,0.0008591570996057819,9,4.4857,8.4819,-17.763,True,0,27.5,32.278413388055895,False,False,0.0018829498675413147,179.1137232,1.570408,1.361093089647468,1.596145,False,4.8737003999999615
0.0443369437794262,0.0120509447653395,4.877848241812327,2.312,160.0,-20.0,100.0,True,1,200.0,20.0,0.045,False,20.0,0.4844,2.7118,0.3420201433256687,rolling,False,0.25,0.4549655,0.0007067669663303368,9,5.6529,7.869,-20.5768,True,0,27.5,30.61512025526227,False,False,0.0014856185859999996,148.56185859999997,1.5693253,1.3232742748879793,1.606252,False,4.790027699999882
0.027505039758015264,0.007704812532164518,3.5348621574989085,2.859,160.0,-20.0,100.0,True,1,195.0,15.0,0.045,False,20.0,0.3724,3.6007,0.3420201433256687,rolling,False,0.25,0.4549921,0.0006029450595494045,9,4.3451,6.0485,-21.341,True,0,27.5,30.51893666447181,False,False,0.0007988432640000001,79.8843264,1.5662134,1.2943323145653642,1.5924496000000001,False,5.485731100000066
0.033257628910221486,0.009955673522749849,4.901316260982754,2.188,160.0,-20.0,90.202,True,0,205.0,25.0,0.045,False,20.0,0.5874,2.1812,0.3420201433256687,rolling,False,0.25,0.4547408,0.0012725193751870782,9,6.8545,9.5416,-19.6508,True,0,27.5,28.928674949331253,False,False,0.0021466210327930647,193.62951040000002,1.5705731,1.3794421066536044,1.6185856,False,4.374640500000169
0.03431285366535403,0.010570515085666941,5.1365528586850395,2.328,145.0,-35.0,92.36,True,0,220.0,40.0,0.045,False,35.0,0.8906,2.4213,0.573576436351046,rolling,False,0.25,0.4546323,0.0015475513127835342,9,14.43,10.4413,-20.7593,True,0,27.5,26.957675270785558,False,False,0.002134857182763101,197.1754094,1.5705397,1.3722250960616715,1.7462034000000002,False,4.579251999999997
0.04369308017638491,0.011395638600751826,4.516483621010882,2.406,155.0,-25.0,100.0,True,1,200.0,20.0,0.045,False,25.0,0.4898,3.3008,0.42261826174069944,rolling,False,0.25,0.4549716,0.0006728337716622833,9,6.6335,7.2075,-22.8468,True,0,27.5,25.113250375372928,False,False,0.00115825058,115.82505800000001,1.5658952,1.2831529563116102,1.6144271,False,4.809260300000005
0.03124181677079616,0.014422630187069362,5.425342799505048,2.422,150.0,-30.0,100.0,True,1,205.0,25.0,0.045,False,29.999999999999996,0.6031,3.1742,0.49999999999999994,rolling,False,0.25,0.4548562,0.000778690632093679,9,9.0665,7.9564,-23.5719,True,0,27.5,24.89195421792138,False,False,0.001543027912,154.3027912,1.5670542,1.2851718348068848,1.6466018,False,4.855080399999906
0.037708620707737374,0.01590469850457797,5.877229719442197,2.344,145.0,-35.0,100.0,True,1,210.0,30.0,0.045,False,35.0,0.7124,3.1515,0.573576436351046,rolling,False,0.25,0.4547902,0.0008781019169808302,9,11.5429,8.3522,-23.6562,True,0,27.5,21.094976868054246,False,False,0.001730906018,173.0906018,1.567823,1.2873557142642877,1.6890276,False,4.812178799999856
0.030026479322424728,0.007056223446181687,3.325603976205216,2.969,155.0,-25.0,100.0,True,1,195.0,15.0,0.045,False,25.0,0.3756,4.3799,0.42261826174069944,rolling,False,0.25,0.454989,0.0006155132858671413,9,5.0877,5.5279,-23.6713,True,0,27.5,20.46073295544693,False,False,0.000652078948,65.20789479999999,1.5624947,1.2581434266800728,1.5966788,False,5.407300699999951
0.04521966979014774,0.016374378611684587,5.684972846660095,2.375,140.0,-40.0,100.0,True,1,215.0,35.0,0.045,False,39.99999999999999,0.8177,3.2081,0.6427876096865393,rolling,False,0.25,0.4549301,0.0009537360586394136,11,14.0001,8.4534,-23.2263,True,0,27.5,18.55682510174502,False,False,0.001634248164,163.4248164,1.5677037,1.2900414543751215,1.7442275,False,4.820914899999934
0.06396070914319196,0.019387329280691906,5.19861453702188,2.312,165.0,-15.0,100.0,True,1,195.0,15.0,0.045,False,14.999999999999998,0.3695,2.8702,0.25881904510252074,rolling,False,0.25,0.4545352,0.0007020711852881472,11,3.4553,6.5335,-18.4311,True,0,27.5,16.35802454113525,False,False,0.0015631493480000001,156.3149348,1.5699861,1.3091133580822165,1.588492,False,5.000382400000035
0.01942015822386625,0.0061446433589246886,3.601143661197892,2.375,165.0,-15.0,85.8,True,0,355.0,175.0,0.045,False,14.999999999999998,0.1399,3.5681,0.25881904510252074,rolling,False,0.25,0.4547777,0.000789252655563455,11,1.3083,2.4738,8.7291,True,0,27.5,14.314897599168575,False,False,0.0017720130512820515,152.03871980000002,1.5704371,1.4058331084722604,1.5704371,False,4.86623869999994
0.027494928413254693,0.00931107455183835,4.7758482233586195,2.281,150.0,-30.0,91.685,True,0,345.0,165.0,0.045,False,29.999999999999996,0.4343,3.591,0.49999999999999994,rolling,False,0.25,0.4549874,0.0010584559823746263,9,6.5279,5.7286,19.5085,True,0,27.5,13.337458197178094,False,False,0.002041551182854338,187.1796202,1.5704988,1.3815449912328095,1.5704988,False,4.450969700000087
0.012714802287098294,0.006815861277044531,2.9243029697703475,4.234,150.0,-30.0,100.0,True,1,350.0,170.0,0.045,False,29.999999999999996,0.295,5.3231,0.49999999999999994,rolling,False,0.25,0.4549879,0.0005326849471505284,9,4.4351,3.892,20.2373,True,0,27.5,12.467423573726492,False,False,0.0005463324979999999,54.63324979999999,1.5671174,1.3090215242276697,1.5671174,False,6.709527700000081
0.04613269066182895,0.013371278384720388,5.3261933354170585,2.125,150.0,-30.0,87.811,True,0,210.0,30.0,0.045,False,29.999999999999996,0.7026,2.6679,0.49999999999999994,rolling,False,0.25,0.4539871,0.0016582715904432195,9,10.5617,9.2685,-22.3586,True,0,27.5,12.457420916807564,False,False,0.002302715705321657,202.2037688,1.5705844,1.3564857184816357,1.6701788,False,4.204957700000023
0.033357081140891205,0.010460918521377104,4.9288846011110605,2.516,145.0,-35.0,100.0,True,1,345.0,165.0,0.045,False,35.0,0.4388,4.5266,0.573576436351046,rolling,False,0.25,0.4548586,0.0007340721252787472,9,7.1101,5.1447,22.176,True,0,27.5,8.31860957244669,False,False,0.001662451688,166.2451688,1.5701511,1.3531084039652477,1.5701511,False,4.941460500000176
0.04245456978806876,0.03021966372474948,6.242941614239167,2.266,140.0,-40.0,100.0,True,1,210.0,30.0,0.045,False,39.99999999999999,0.7207,3.6986,0.6427876096865393,rolling,False,0.25,0.4548153,0.0008302225317746823,21,12.3388,7.4503,-24.6391,True,0,27.5,0.5387870073149514,False,False,0.0014905660139999998,149.05660139999998,1.5619652,1.2032026867233954,1.7059239,False,4.733837300000005
0.05285175722386153,0.01412748929503756,4.608453688612314,2.422,150.0,-30.0,100.0,True,1,195.0,15.0,0.045,False,29.999999999999996,0.3787,5.2258,0.49999999999999994,rolling,False,0.25,0.4549984,0.0005855263057369427,9,5.6927,4.9956,-25.4782,True,0,27.5,-1.4348038610340694,False,False,0.00029876061399999995,29.876061399999998,1.5527258,1.1715397951877486,1.5949403,False,4.869514999999865
0.03078742946025212,0.012294830350564114,3.8656652270499037,4.938,160.0,-20.0,99.279,True,0,355.0,175.0,0.045,False,20.0,0.1438,5.74,0.3420201433256687,rolling,False,0.25,0.4549925,0.000506629730056406,11,1.678,2.3359,13.3024,True,0,27.5,-1.72720698709945,False,False,0.00022511600842071335,22.3492922,1.5701148,1.3485320688117293,1.5701148,False,7.488865299999816
0.07449900958274545,0.022792948938906987,4.749230367018913,2.547,155.0,-25.0,100.0,True,1,350.0,170.0,0.045,False,25.0,0.2903,4.0623,0.42261826174069944,rolling,False,0.25,0.4547813,0.0006015769742302577,11,3.9325,4.2728,16.9062,True,0,27.5,-4.584438565857994,False,False,0.00132818018,132.818018,1.5700938,1.3256733564151477,1.5700938,False,4.970438700000159
0.03973902416781268,0.01280799566649473,5.747644271000431,2.484,135.0,-45.0,100.0,True,1,340.0,160.0,0.045,False,45.00000000000001,0.575,5.1729,0.7071067811865476,rolling,False,0.25,0.4546227,0.001079180739192608,9,10.2592,5.1979,24.854,True,0,27.5,-6.268243533392024,False,False,0.001956207734,195.6207734,1.57025,1.342482335254995,1.57025,False,5.0406574000001
0.013262353251214505,0.006492548848619759,2.9773828501122166,3.703,145.0,-35.0,100.0,True,1,350.0,170.0,0.045,False,35.0,0.2976,6.7185,0.573576436351046,rolling,False,0.25,0.4549964,0.0005349877161228388,7,4.8227,3.4896,22.9439,True,0,27.5,-6.504139230299373,False,False,0.0004839644040000001,48.39644040000001,1.5632635,1.2744012221080947,1.5632635,False,6.177425099999937
0.033207766888184456,0.01189669661651552,4.862994812384505,2.266,140.0,-40.0,100.0,True,1,345.0,165.0,0.045,False,39.99999999999999,0.4405,5.5847,0.6427876096865393,rolling,False,0.25,0.4546687,0.0006780334626653733,9,7.5416,4.5537,24.2873,True,0,27.5,-6.586997889602159,False,False,0.0014696275600000002,146.962756,1.5680934,1.319439427122371,1.5680934,False,4.841708000000153
0.04707874787842174,0.017007230833804326,4.699035154277952,1.562,155.0,-25.0,69.455,True,0,205.0,25.0,0.045,False,25.0,0.5954,2.6571,0.42261826174069944,rolling,False,0.25,0.4548285,0.0027471822088804424,17,8.0646,8.7625,-21.8416,True,0,27.5,-11.188065837353818,False,False,0.0026049284745518686,180.92530720000002,1.5705905,1.318159774544839,1.6340929,False,3.289072099999885
0.03924811488275585,0.04307671728975076,5.905173984062545,2.469,135.0,-45.0,100.0,True,1,210.0,30.0,0.045,False,45.00000000000001,0.7275,4.3328,0.7071067811865476,rolling,False,0.25,0.4549623,0.0008574160978390216,73,12.9792,6.576,-25.3649,True,0,27.5,-15.266862692972353,False,False,0.0006812191939999999,68.1219194,1.5563152,1.1850369554997668,2.0236337,False,4.905442400000084
0.00890546924142686,0.004085341881982419,0.7924388643050221,0.5,160.0,-20.0,21.909,True,0,275.0,95.0,0.045,False,20.0,1.1373,0.7354,0.3420201433256687,rolling,False,0.25,0.4549338,0.01639402479233227,163,13.271,18.4736,-2.9057,True,0,27.5,-15.411667731314495,False,False,0.0029445575699484226,64.51231179999999,1.5705017,1.4341785663842983,1.8598195999999998,False,1.034339799999998
0.09209795090934435,0.03479940640759308,6.201868290603186,2.172,145.0,-35.0,100.0,True,1,205.0,25.0,0.045,False,35.0,0.6098,3.7468,0.573576436351046,rolling,False,0.25,0.4549454,0.0007591422165778342,11,9.8813,7.15,-24.9008,True,0,27.5,-16.681543887150738,False,False,0.001526694632,152.6694632,1.5622179,1.2019945246701886,1.6584022,False,4.68567250000001
0.09036623336645165,0.033696678283098705,6.702325056798658,2.281,135.0,-45.0,100.0,True,1,215.0,35.0,0.045,False,45.00000000000001,0.8275,3.7607,0.7071067811865476,rolling,False,0.25,0.4549344,0.0009903951090489095,63,14.7636,7.4801,-23.9446,True,0,27.5,-17.869529849818036,False,False,0.0017495086480000001,174.9508648,1.5656742,1.2244156456458903,2.4837074,False,4.67024339999989
0.09959163500239365,0.032789389352814564,5.74300443058823,2.281,150.0,-30.0,100.0,True,1,200.0,20.0,0.045,False,29.999999999999996,0.4948,3.9404,0.49999999999999994,rolling,False,0.25,0.4549089,0.0006493637123628764,13,7.4383,6.5276,-24.6221,True,0,27.5,-18.008112044277482,False,False,0.001284919602,128.4919602,1.5612615,1.2023331868918263,1.6216752,False,4.723770699999932
0.012279809290050068,0.004416915135148881,0.613345963580602,0.406,165.0,-15.0,17.468,True,0,335.0,155.0,0.045,False,14.999999999999998,0.6295,0.8113,0.25881904510252074,rolling,False,0.25,0.4547803,0.021192730860381245,127,5.8854,11.1286,6.8466,True,0,27.5,-22.74765402776794,False,False,0.0031756114266086556,55.47158039999999,1.5704709,1.4207825348313,1.5704709,False,0.8479374999997162
0.03159977177528344,0.012551582799479127,4.7289117139993575,2.375,135.0,-45.0,100.0,True,1,345.0,165.0,0.045,False,45.00000000000001,0.4397,6.8109,0.7071067811865476,rolling,False,0.25,0.4549449,0.0006428470575294248,9,7.8446,3.9745,25.9088,True,0,27.5,-22.85459072493225,False,False,0.0012903612580000001,129.0361258,1.5653112,1.2880710726121076,1.5653112,False,4.842549499999905
0.017451779041690853,0.02078717861348452,6.165649444362768,2.25,130.0,-50.0,100.0,True,1,340.0,160.0,0.045,False,50.0,0.5726,6.2786,0.766044443118978,rolling,False,0.25,0.4546082,0.0008212143838561615,11,10.5393,4.4807,26.0836,True,0,27.5,-22.91929777517865,False,False,0.001871278432,187.1278432,1.5682592,1.3014080366402685,1.5682592,False,4.846381199999996
0.10244636140444421,0.03728064161040523,4.508645896281637,2.234,165.0,-15.0,100.0,True,1,190.0,10.0,0.045,False,14.999999999999998,0.2513,4.2949,0.25881904510252074,rolling,False,0.25,0.4549692,0.0005381751772482275,13,2.3492,4.4421,-18.9332,True,0,27.5,-24.213436133596275,False,False,0.00071594521,71.594521,1.5668619,1.2800584504163834,1.5784532,False,4.765202800000225
0.009446636359043355,0.004115112363945687,0.4817329926765207,0.391,160.0,-20.0,14.933,True,0,280.0,100.0,0.045,False,20.0,1.1356,0.7248,0.3420201433256687,sliding,False,0.25,0.4548535,0.02983347158162582,128,13.2506,18.4453,-1.771,True,0,27.5,-24.34786641508859,False,False,0.0033718666309515834,50.352084399999995,1.5705499,1.4179156234802757,1.8962568000000002,False,0.8437907000002269
0.01215401525505049,0.005420936406799533,0.6393632113099529,0.406,160.0,-20.0,16.198,True,0,295.0,115.0,0.045,False,20.0,1.1022,0.7244,0.3420201433256687,sliding,False,0.25,0.4548643,0.028506135002160628,118,12.861,17.9029,1.6652,True,0,27.5,-25.186817589998505,False,False,0.0034477788121990366,55.8471212,1.5705782,1.3843994612172512,2.0680633999999998,False,0.8187714000000597
0.009830070258141598,0.004968003752051044,0.41550248448553506,0.312,165.0,-15.0,12.691,True,0,305.0,125.0,0.045,False,14.999999999999998,1.007,0.5387,0.25881904510252074,sliding,False,0.25,0.452531,0.04042333449416955,50,9.4159,17.8042,1.8266,True,0,27.5,-25.791167089594445,False,False,0.0037758365455834845,47.9191416,1.5704978,1.385705386319278,2.0369115,False,0.640101500000128
0.009367987101293426,0.0041543521566255555,0.5467195632507049,0.453,165.0,-15.0,17.299,True,0,225.0,45.0,0.045,False,14.999999999999998,0.8752,0.9918,0.25881904510252074,rolling,False,0.25,0.4549984,0.029021210445086702,171,8.1831,15.4731,-12.9819,True,0,27.5,-25.880984962826062,False,False,0.003252993999653159,56.2735432,1.570508,1.4291672978945333,1.6352818,False,0.8598148999999466
0.012685159537822139,0.004830214290659223,0.6203454750508968,0.516,165.0,-15.0,16.991,True,0,230.0,50.0,0.045,False,14.999999999999998,0.9239,0.9015,0.25881904510252074,rolling,False,0.25,0.4548428,0.026394472651836157,157,8.6387,16.3346,-11.925,True,0,27.5,-26.345934048264475,False,False,0.0032994446471661465,56.060863999999995,1.5704683,1.407547535324016,1.6437004,False,1.0360148999998273
0.008721696429594417,0.004631271393100497,0.6084590699626994,0.453,160.0,-20.0,17.651,True,0,330.0,150.0,0.045,False,20.0,0.7475,1.0794,0.3420201433256687,sliding,False,0.25,0.4548804,0.02672722794017675,140,8.722,12.1413,9.7817,True,0,27.5,-26.627243602619533,False,False,0.0032925967820520083,58.1176258,1.5705434,1.4186022814280022,1.5705434,False,0.851123799999641
0.009528618607647176,0.004665975798517617,0.46287966720543955,0.406,160.0,-20.0,13.924,True,0,290.0,110.0,0.045,False,20.0,1.1186,0.7189,0.3420201433256687,sliding,False,0.25,0.4542655,0.035493369493716335,94,13.0523,18.1692,0.5104,True,0,27.5,-26.673101754054926,False,False,0.003624998592358518,50.474480400000004,1.5704286,1.3984890355727726,1.9960127,False,0.7265866000002461
0.010348242577848665,0.004288129527003082,0.5843412554855414,0.469,165.0,-15.0,17.924,True,0,345.0,165.0,0.045,False,14.999999999999998,0.4046,1.2444,0.25881904510252074,sliding,False,0.25,0.4548898,0.02277294410599721,156,3.7829,7.153,8.0572,True,0,27.5,-28.365281203049307,False,False,0.003178728855166257,56.97553599999999,1.5705646,1.4285059466723466,1.5705646,False,0.9042196000000331
0.015567366776047902,0.004943137333923974,0.6283137104488853,0.406,160.0,-20.0,16.758,True,0,240.0,60.0,0.045,False,20.0,1.0305,0.9809,0.3420201433256687,sliding,False,0.25,0.4546988,0.027437656339877083,152,12.0243,16.7382,-11.1808,True,0,27.5,-28.73971048205551,False,False,0.0033524464733261728,56.180298,1.5705765,1.4027013792116174,1.7081898,False,0.8090588000000025
0.017914099304458486,0.006192921044383669,2.99737605777667,3.156,140.0,-40.0,100.0,True,1,350.0,170.0,0.045,False,39.99999999999999,0.2983,8.2965,0.6427876096865393,rolling,False,0.25,0.4549906,0.0005413095539044609,7,5.107,3.0837,25.069,True,0,27.5,-29.372464595113314,False,False,0.0004641983780000002,46.41983780000002,1.559965,1.2462466605114613,1.559965,False,5.691282599999795
0.09931248958494596,0.04060964911659177,5.311600437380066,2.062,145.0,-35.0,100.0,True,1,200.0,20.0,0.045,False,35.0,0.4991,4.6484,0.573576436351046,rolling,False,0.25,0.4549963,0.0006278966870331297,13,8.087,5.8516,-25.9707,True,0,27.5,-31.310619785655746,False,False,0.000694376996,69.4376996,1.5540985,1.1675254029946416,1.6266215000000002,False,4.611777800000027
0.011042157986553173,0.004660811668426818,0.42046281665269225,0.312,165.0,-15.0,13.119,True,0,220.0,40.0,0.045,False,14.999999999999998,0.8172,1.1061,0.25881904510252074,sliding,False,0.25,0.454689,0.04017599262195122,84,7.6406,14.4474,-14.0348,True,0,27.5,-33.8692052458017,False,False,0.00375208171354524,49.22356,1.5705599,1.4043570141703356,1.627141,False,0.6579268000000411
0.008372380078567863,0.004666337098427181,0.41881786828230805,0.328,160.0,-20.0,13.031,True,0,335.0,155.0,0.045,False,20.0,0.6498,1.2489,0.3420201433256687,sliding,False,0.25,0.4546298,0.03737231593769184,80,7.5829,10.5556,10.7841,True,0,27.5,-35.08215192240027,False,False,0.0037338782595349547,48.656167599999996,1.5704824,1.4056854109356702,1.5704824,False,0.6285921999997299
0.014005487368171093,0.005508847738843912,0.7543512825839969,0.516,165.0,-15.0,19.494,True,0,350.0,170.0,0.045,False,14.999999999999998,0.2759,1.8151,0.25881904510252074,sliding,False,0.25,0.4541315,0.02199029759425494,132,2.5802,4.8787,8.4714,True,0,27.5,-37.015175435022954,False,False,0.0032936950241099832,64.20729080000001,1.5705734,1.4087654743409688,1.5705734,False,1.1148698000001787
0.09802924199365208,0.049500027035203356,5.750611029166438,2.047,140.0,-40.0,100.0,True,1,205.0,25.0,0.045,False,39.99999999999999,0.6154,4.3945,0.6427876096865393,rolling,False,0.25,0.4549754,0.0007456978100218998,23,10.5356,6.3615,-25.8948,True,0,27.5,-37.228099390909534,False,False,0.000953625016,95.3625016,1.5564361,1.173279141354383,1.6698881,False,4.671599200000173
0.009762070367498895,0.004822155091268639,0.4607054483959159,0.328,165.0,-15.0,13.682,True,0,210.0,30.0,0.045,False,14.999999999999998,0.6701,1.4542,0.25881904510252074,sliding,False,0.25,0.4548453,0.03829220703793028,74,6.2656,11.8475,-16.0488,True,0,27.5,-37.854072344981255,False,False,0.0037622701797982746,51.475380599999994,1.5705695,1.396052319426425,1.6113965,False,0.7083515999997871
0.058019947127259615,0.047766895326307374,6.132613925087958,2.078,130.0,-50.0,100.0,True,1,210.0,30.0,0.045,False,50.0,0.7331,5.0889,0.766044443118978,rolling,False,0.25,0.4549489,0.0008202591694083059,65,13.493,5.7364,-25.8865,True,0,27.5,-37.86511055085384,False,False,0.001221357798,122.13577980000001,1.5580035,1.1762172143601188,1.6440536000000001,False,4.66330929999981
0.01031616439671257,0.005859596291341216,0.297623626852864,0.25,165.0,-15.0,9.715,True,0,340.0,160.0,0.045,False,14.999999999999998,0.5231,0.9689,0.25881904510252074,sliding,False,0.25,0.328325,0.05384609259983532,14,4.8906,9.2475,7.5073,True,0,27.5,-38.5326681885236,False,False,0.004349301966031909,42.2534686,1.5705064,1.3786457326648194,1.5705064,False,0.48603259999981674
0.009846552863312113,0.005475511327505563,0.3538572317427272,0.297,165.0,-15.0,11.256,True,0,215.0,35.0,0.045,False,14.999999999999998,0.749,1.2545,0.25881904510252074,sliding,False,0.25,0.4485777,0.05278403995735987,22,7.0034,13.2425,-15.065,True,0,27.5,-39.73181235782184,False,False,0.004190772174840086,47.1713316,1.5705904,1.3861754941670144,1.6192024,False,0.5594959000000017
0.008312901032130721,0.008473460624172325,1.009090379863267,0.594,150.0,-30.0,23.215,True,0,220.0,40.0,0.045,False,29.999999999999996,0.873,2.0459,0.49999999999999994,sliding,False,0.25,0.4542379,0.03365455034458994,102,13.1235,11.5166,-19.5691,True,0,27.5,-39.75201701743926,False,False,0.003705018927417618,86.0120144,1.5705841,1.3898404024685789,1.713269,False,1.1645748999999341
0.010884006652882937,0.005537182120630394,0.5430927098023324,0.375,165.0,-15.0,14.412,True,0,205.0,25.0,0.045,False,14.999999999999998,0.5803,1.7356,0.25881904510252074,sliding,False,0.25,0.4546579,0.0337460020953306,62,5.4255,10.2589,-16.9584,True,0,27.5,-41.487636126067656,False,False,0.0037238925201221206,53.668739,1.5704393,1.3769298631769018,1.6036396000000002,False,0.7078320000000531
0.047678263173588864,0.020546476307281857,0.9799918777042741,0.578,165.0,-15.0,22.663,True,0,300.0,120.0,0.045,False,14.999999999999998,1.0349,0.5314,0.25881904510252074,sliding,False,0.25,0.4548016,0.04067450933198023,144,9.6761,18.2963,0.9534,True,0,27.5,-41.90623878508474,False,False,0.0039057414817102766,88.5158192,1.5705107,1.3932458542737187,1.915247,False,1.1251216000000568
0.018318557280801347,0.006060368958004977,0.775450351078805,0.469,160.0,-20.0,18.044,True,0,345.0,165.0,0.045,False,20.0,0.4165,1.9694,0.3420201433256687,rolling,False,0.25,0.4548956,0.020735474885009698,131,4.8601,6.7654,12.4056,True,0,27.5,-42.39284175268803,False,False,0.0033305584238528044,60.0965962,1.5705602,1.3853034488198959,1.5705602,False,0.9024012999998376
0.011306464178070876,0.004871005788626457,0.4904227667588786,0.344,155.0,-25.0,14.042,True,0,340.0,160.0,0.045,False,25.0,0.5533,2.0999,0.42261826174069944,sliding,False,0.25,0.45495,0.035655713850316885,94,7.4943,8.1428,15.3694,True,0,27.5,-47.13789222639059,False,False,0.003727715239994303,52.344577400000006,1.5703781,1.3936126131146824,1.5703781,False,0.6855633000000125
0.018823375077280907,0.0058505357906157174,2.8143038255911708,2.891,135.0,-45.0,100.0,True,1,350.0,170.0,0.045,False,45.00000000000001,0.2973,10.1248,0.7071067811865476,rolling,False,0.25,0.4549595,0.0005395425545744542,5,5.3038,2.6872,26.6857,True,0,27.5,-54.247508327358275,False,False,0.00036658695,36.658695,1.5561469,1.2227381538347568,1.5561469,False,5.425333100000216
0.018968972447921367,0.006570753543088597,0.7228564476264185,0.391,155.0,-25.0,16.168,True,0,345.0,165.0,0.045,False,25.0,0.4267,2.7463,0.42261826174069944,sliding,False,0.25,0.4549694,0.02681053139340714,80,5.7792,6.2793,16.2478,True,0,27.5,-56.37855103951359,False,False,0.0035950194952993563,58.12427519999999,1.5705174,1.3631892835667476,1.5705174,False,0.7854560999999194
0.0168332466782258,0.0061473395494534054,0.6620169745890632,0.406,150.0,-30.0,15.721,True,0,340.0,160.0,0.045,False,29.999999999999996,0.5643,2.738,0.49999999999999994,sliding,False,0.25,0.4547165,0.032104799879150235,100,8.4823,7.4437,18.532,True,0,27.5,-56.73763514332168,False,False,0.003679319687042809,57.8425848,1.5705067,1.3678772241355108,1.5705067,False,0.7833204000000933
0.007510951423754517,0.009629936679877363,0.05726768923861,0.109,160.0,-20.0,3.927,True,0,340.0,160.0,0.045,False,20.0,0.5392,1.5138,0.3420201433256687,sliding,False,0.25,0.2499996,0.1132548925916497,2,6.2914,8.7579,11.67,True,0,27.5,-65.5267096742735,False,False,0.0061275347084288265,24.062828800000002,1.570531,1.2177608864023692,1.570531,False,0.21189129999993384
0.018931305920353195,0.0065884889332518135,0.6553704326183074,0.375,145.0,-35.0,15.207,True,0,340.0,160.0,0.045,False,35.0,0.5714,3.4452,0.573576436351046,sliding,False,0.25,0.4549889,0.035429030076275646,62,9.2588,6.6995,21.1427,True,0,27.5,-68.105122437452,False,False,0.0038068323403695667,57.8904994,1.5705622,1.3490450927394497,1.5705622,False,0.7828199000000495
0.11763130378793735,0.06054821035422426,5.604774123099738,2.016,130.0,-50.0,100.0,True,1,205.0,25.0,0.045,False,50.0,0.6233,6.04,0.766044443118978,rolling,False,0.25,0.4549383,0.0007575871881281187,61,11.4714,4.8769,-27.1312,True,0,27.5,-75.08010592513918,False,False,0.000824074672,82.4074672,1.5529084,1.1519681151851573,1.6278683,False,4.454035299999987
0.038751948460432284,0.01723988032769517,1.9094629489221702,0.625,140.0,-40.0,25.996,True,0,340.0,160.0,0.045,False,39.99999999999999,0.5749,4.2454,0.6427876096865393,sliding,False,0.25,0.4549771,0.019858609089510326,162,9.8422,5.9428,23.2307,True,0,27.5,-82.4982830998607,False,False,0.0033838629635328512,87.9669016,1.5705943,1.2833419448760164,1.5705943,False,1.280234400000154
0.0212681005905558,0.005482496023730369,2.6956219237689125,2.75,130.0,-50.0,100.0,True,1,350.0,170.0,0.045,False,50.0,0.295,12.3039,0.766044443118978,rolling,False,0.25,0.4549527,0.0005360127748722513,5,5.43,2.3085,27.8794,True,0,27.5,-84.06790039709679,False,False,0.00020701516200000007,20.701516200000007,1.5530367,1.2035091231009791,1.5530367,False,5.38571950000005
0.1037464294307038,0.039766379836976826,5.890728057263229,2.156,130.0,-50.0,100.0,True,1,345.0,165.0,0.045,False,50.0,0.437,8.2726,0.766044443118978,rolling,False,0.25,0.4549803,0.0005924976460235398,13,8.043,3.4194,27.1196,True,0,27.5,-86.07634730470437,False,False,0.0012995999780000002,129.95999780000002,1.5617517,1.223520756291165,1.5617517,False,4.774557100000038
0.2575095690575401,0.0629799950193342,5.776688913137389,2.078,135.0,-45.0,100.0,True,1,205.0,25.0,0.045,False,45.00000000000001,0.6198,5.1452,0.7071067811865476,rolling,False,0.25,0.4549442,0.0008027264177358226,71,11.0569,5.6021,-26.6187,True,0,27.5,-101.08077659817869,False,False,0.001016671982,101.6671982,1.5557758,1.166728437152407,1.6872528999999998,False,4.628369000000021
,,,,130.0,-50.0,0.0,,-999,180.0,0.0,0.045,,50.0,,,0.766044443118978,,,0.25,,,,,,,True,,27.5,-999.0,False,,,,,,,True,12.033848099999886
,,,,130.0,-50.0,0.0,,-999,185.0,5.0,0.045,,50.0,,,0.766044443118978,,,0.25,,,,,,,True,,27.5,-999.0,False,,,,,,,True,12.016288900000063
,,,,130.0,-50.0,0.0,,-999,190.0,10.0,0.045,,50.0,,,0.766044443118978,,,0.25,,,,,,,True,,27.5,-999.0,False,,,,,,,True,12.012649499999952
,,,,130.0,-50.0,0.0,,-999,195.0,15.0,0.045,,50.0,,,0.766044443118978,,,0.25,,,,,,,True,,27.5,-999.0,False,,,,,,,True,12.019763799999964
,,,,130.0,-50.0,0.0,,-999,200.0,20.0,0.045,,50.0,,,0.766044443118978,,,0.25,,,,,,,True,,27.5,-999.0,False,,,,,,,True,12.018956899999921
,,,,130.0,-50.0,0.0,,-999,355.0,175.0,0.045,,50.0,,,0.766044443118978,,,0.25,,,,,,,True,,27.5,-999.0,False,,,,,,,True,12.021423699999787
,,,,130.0,-50.0,0.0,,-999,0.0,180.0,0.045,,50.0,,,0.766044443118978,,,0.25,,,,,,,True,,27.5,-999.0,False,,,,,,,True,12.005590400000074
,,,,135.0,-45.0,0.0,,-999,180.0,0.0,0.045,,45.00000000000001,,,0.7071067811865476,,,0.25,,,,,,,True,,27.5,-999.0,False,,,,,,,True,12.017366400000128
,,,,135.0,-45.0,0.0,,-999,185.0,5.0,0.045,,45.00000000000001,,,0.7071067811865476,,,0.25,,,,,,,True,,27.5,-999.0,False,,,,,,,True,12.006895299999996
,,,,135.0,-45.0,0.0,,-999,190.0,10.0,0.045,,45.00000000000001,,,0.7071067811865476,,,0.25,,,,,,,True,,27.5,-999.0,False,,,,,,,True,12.018014300000004
,,,,135.0,-45.0,0.0,,-999,195.0,15.0,0.045,,45.00000000000001,,,0.7071067811865476,,,0.25,,,,,,,True,,27.5,-999.0,False,,,,,,,True,12.01114490000009
,,,,135.0,-45.0,0.0,,-999,200.0,20.0,0.045,,45.00000000000001,,,0.7071067811865476,,,0.25,,,,,,,True,,27.5,-999.0,False,,,,,,,True,12.007188799999994
,,,,135.0,-45.0,0.0,,-999,355.0,175.0,0.045,,45.00000000000001,,,0.7071067811865476,,,0.25,,,,,,,True,,27.5,-999.0,False,,,,,,,True,12.015496600000006
,,,,135.0,-45.0,0.0,,-999,0.0,180.0,0.045,,45.00000000000001,,,0.7071067811865476,,,0.25,,,,,,,True,,27.5,-999.0,False,,,,,,,True,12.020409199999904
,,,,140.0,-40.0,0.0,,-999,180.0,0.0,0.045,,39.99999999999999,,,0.6427876096865393,,,0.25,,,,,,,True,,27.5,-999.0,False,,,,,,,True,12.017320299999938
,,,,140.0,-40.0,0.0,,-999,185.0,5.0,0.045,,39.99999999999999,,,0.6427876096865393,,,0.25,,,,,,,True,,27.5,-999.0,False,,,,,,,True,12.011019699999906
,,,,140.0,-40.0,0.0,,-999,190.0,10.0,0.045,,39.99999999999999,,,0.6427876096865393,,,0.25,,,,,,,True,,27.5,-999.0,False,,,,,,,True,12.01475030000006
,,,,140.0,-40.0,0.0,,-999,195.0,15.0,0.045,,39.99999999999999,,,0.6427876096865393,,,0.25,,,,,,,True,,27.5,-999.0,False,,,,,,,True,12.00813449999987
,,,,140.0,-40.0,0.0,,-999,200.0,20.0,0.045,,39.99999999999999,,,0.6427876096865393,,,0.25,,,,,,,True,,27.5,-999.0,False,,,,,,,True,12.005737700000054
,,,,140.0,-40.0,0.0,,-999,355.0,175.0,0.045,,39.99999999999999,,,0.6427876096865393,,,0.25,,,,,,,True,,27.5,-999.0,False,,,,,,,True,12.020396000000119
,,,,140.0,-40.0,0.0,,-999,0.0,180.0,0.045,,39.99999999999999,,,0.6427876096865393,,,0.25,,,,,,,True,,27.5,-999.0,False,,,,,,,True,12.017020700000103
,,,,145.0,-35.0,0.0,,-999,180.0,0.0,0.045,,35.0,,,0.573576436351046,,,0.25,,,,,,,True,,27.5,-999.0,False,,,,,,,True,12.00724850000006
,,,,145.0,-35.0,0.0,,-999,185.0,5.0,0.045,,35.0,,,0.573576436351046,,,0.25,,,,,,,True,,27.5,-999.0,False,,,,,,,True,12.010772599999882
,,,,145.0,-35.0,0.0,,-999,190.0,10.0,0.045,,35.0,,,0.573576436351046,,,0.25,,,,,,,True,,27.5,-999.0,False,,,,,,,True,12.010163700000021
,,,,145.0,-35.0,0.0,,-999,195.0,15.0,0.045,,35.0,,,0.573576436351046,,,0.25,,,,,,,True,,27.5,-999.0,False,,,,,,,True,12.00999680000018
,,,,145.0,-35.0,0.0,,-999,355.0,175.0,0.045,,35.0,,,0.573576436351046,,,0.25,,,,,,,True,,27.5,-999.0,False,,,,,,,True,12.016948400000047
,,,,145.0,-35.0,0.0,,-999,0.0,180.0,0.045,,35.0,,,0.573576436351046,,,0.25,,,,,,,True,,27.5,-999.0,False,,,,,,,True,12.007268599999861
,,,,150.0,-30.0,0.0,,-999,180.0,0.0,0.045,,29.999999999999996,,,0.49999999999999994,,,0.25,,,,,,,True,,27.5,-999.0,False,,,,,,,True,12.017904899999849
,,,,150.0,-30.0,0.0,,-999,185.0,5.0,0.045,,29.999999999999996,,,0.49999999999999994,,,0.25,,,,,,,True,,27.5,-999.0,False,,,,,,,True,12.00695380000002
,,,,150.0,-30.0,0.0,,-999,190.0,10.0,0.045,,29.999999999999996,,,0.49999999999999994,,,0.25,,,,,,,True,,27.5,-999.0,False,,,,,,,True,12.018385899999885
,,,,150.0,-30.0,0.0,,-999,355.0,175.0,0.045,,29.999999999999996,,,0.49999999999999994,,,0.25,,,,,,,True,,27.5,-999.0,False,,,,,,,True,12.005569100000002
,,,,150.0,-30.0,0.0,,-999,0.0,180.0,0.045,,29.999999999999996,,,0.49999999999999994,,,0.25,,,,,,,True,,27.5,-999.0,False,,,,,,,True,12.006262099999958
,,,,155.0,-25.0,0.0,,-999,180.0,0.0,0.045,,25.0,,,0.42261826174069944,,,0.25,,,,,,,True,,27.5,-999.0,False,,,,,,,True,12.006691900000078
,,,,155.0,-25.0,0.0,,-999,185.0,5.0,0.045,,25.0,,,0.42261826174069944,,,0.25,,,,,,,True,,27.5,-999.0,False,,,,,,,True,12.006228400000055
,,,,155.0,-25.0,0.0,,-999,190.0,10.0,0.045,,25.0,,,0.42261826174069944,,,0.25,,,,,,,True,,27.5,-999.0,False,,,,,,,True,12.005830199999991
,,,,155.0,-25.0,0.0,,-999,355.0,175.0,0.045,,25.0,,,0.42261826174069944,,,0.25,,,,,,,True,,27.5,-999.0,False,,,,,,,True,12.013680199999726
,,,,155.0,-25.0,0.0,,-999,0.0,180.0,0.045,,25.0,,,0.42261826174069944,,,0.25,,,,,,,True,,27.5,-999.0,False,,,,,,,True,12.020393499999955
,,,,160.0,-20.0,0.0,,-999,180.0,0.0,0.045,,20.0,,,0.3420201433256687,,,0.25,,,,,,,True,,27.5,-999.0,False,,,,,,,True,12.006118799999967
,,,,160.0,-20.0,0.0,,-999,185.0,5.0,0.045,,20.0,,,0.3420201433256687,,,0.25,,,,,,,True,,27.5,-999.0,False,,,,,,,True,12.013384599999881
,,,,160.0,-20.0,0.0,,-999,190.0,10.0,0.045,,20.0,,,0.3420201433256687,,,0.25,,,,,,,True,,27.5,-999.0,False,,,,,,,True,12.019403799999964
,,,,160.0,-20.0,0.0,,-999,210.0,30.0,0.045,,20.0,,,0.3420201433256687,,,0.25,,,,,,,True,,27.5,-999.0,False,,,,,,,True,12.019416999999976
,,,,160.0,-20.0,0.0,,-999,235.0,55.0,0.045,,20.0,,,0.3420201433256687,,,0.25,,,,,,,True,,27.5,-999.0,False,,,,,,,True,12.008443199999874
,,,,160.0,-20.0,0.0,,-999,0.0,180.0,0.045,,20.0,,,0.3420201433256687,,,0.25,,,,,,,True,,27.5,-999.0,False,,,,,,,True,12.011430800000198
,,,,165.0,-15.0,0.0,,-999,180.0,0.0,0.045,,14.999999999999998,,,0.25881904510252074,,,0.25,,,,,,,True,,27.5,-999.0,False,,,,,,,True,12.01823289999993
,,,,165.0,-15.0,0.0,,-999,185.0,5.0,0.045,,14.999999999999998,,,0.25881904510252074,,,0.25,,,,,,,True,,27.5,-999.0,False,,,,,,,True,12.018905099999756
,,,,165.0,-15.0,0.0,,-999,0.0,180.0,0.045,,14.999999999999998,,,0.25881904510252074,,,0.25,,,,,,,True,,27.5,-999.0,False,,,,,,,True,12.014486399999896
0.00950036299780172,0.005960082838335664,0.34351111596491296,0.328,160.0,-20.0,11.032,True,-3,285.0,105.0,0.045,False,20.0,1.1295,0.7192,0.3420201433256687,sliding,False,0.25,0.4531535,0.05622201273336958,24,13.1796,18.3464,-0.6339,True,0,27.5,-500033.2132606165,False,True,0.004246673053566573,46.853543800000004,1.5705704,1.3758715181863794,1.9406788000000001,False,0.6566553999996358
0.012466644355639572,0.006048175143919915,0.9566758652587162,0.5,160.0,-20.0,21.565,True,0,245.0,65.0,0.045,False,20.0,1.0606,0.9214,0.3420201433256687,rolling,True,0.25,0.4547997,0.019043444885467865,130,12.376,17.2277,-9.9396,True,0,27.5,-1000021.4739467368,False,False,0.0031250743983306287,67.3922294,1.5704465,1.3988633708027376,1.7237511,False,1.033111799999915
0.014404123834513503,0.0056825713141050276,0.866055874170174,0.531,165.0,-15.0,20.439,True,0,235.0,55.0,0.045,False,14.999999999999998,0.9643,0.8287,0.25881904510252074,rolling,True,0.25,0.4548249,0.020490070802348336,150,9.0166,17.0492,-10.8779,True,0,27.5,-1000021.9495225541,False,False,0.0031396953960565587,64.1722342,1.5705472,1.4020159849940204,1.6525431,False,1.0829226999999264
7.715568676384133e-06,3.6371539545211566e-06,7.715568676384133e-06,0.0,155.0,-25.0,0.002,True,0,290.0,110.0,0.045,False,25.0,1.1695,0.926,0.42261826174069944,sliding,True,0.25,0.2499999,1.1500911333333332,0,15.8401,17.2108,1.7487,True,0,27.5,-1000022.1679320147,False,False,0.0,0.0,0.0153977,0.0088898662399011,0.0153977,False,0.024641400000064095
7.856844150166147e-06,3.703751851538893e-06,7.856844150166147e-06,0.0,155.0,-25.0,0.002,True,0,285.0,105.0,0.045,False,25.0,1.1816,0.9206,0.42261826174069944,sliding,True,0.25,0.2499999,1.1628038,0,16.0038,17.3887,0.3403,True,0,27.5,-1000022.1941286162,False,False,0.0,0.0,0.0155321,0.008967462116080186,0.0155321,False,0.008988000000044849
7.574298647399639e-06,3.570558624205586e-06,7.574298647399639e-06,0.0,155.0,-25.0,0.002,True,0,295.0,115.0,0.045,False,25.0,1.1513,0.9392,0.42261826174069944,sliding,True,0.25,0.2499999,1.1313853333333332,0,15.5937,16.9431,3.1717,True,0,27.5,-1000022.2029903501,False,False,0.0,0.0,0.0151837,0.00876631328229452,0.0151837,False,0.00960039999995388
7.930952023559342e-06,3.7386866380826542e-06,7.930952023559342e-06,0.0,155.0,-25.0,0.002,True,0,280.0,100.0,0.045,False,25.0,1.1883,0.9223,0.42261826174069944,sliding,True,0.25,0.2499999,1.1701644666666666,0,16.0938,17.4864,-1.0562,True,0,27.5,-1000022.2768639238,False,False,0.0,0.0,0.0155959,0.009004297063254485,0.0155959,False,0.02469329999985348
7.35934779718964e-06,3.4692298216687167e-06,7.35934779718964e-06,0.0,155.0,-25.0,0.002,True,0,300.0,120.0,0.045,False,25.0,1.1262,0.9615,0.42261826174069944,sliding,True,0.25,0.2499999,1.1058773666666666,0,15.2533,16.5732,4.6097,True,0,27.5,-1000022.3109816659,False,False,0.0,0.0,0.014879,0.008590394655272442,0.014879,False,0.02659000000016931
7.930952023559342e-06,3.7386866380826542e-06,7.930952023559342e-06,0.0,155.0,-25.0,0.002,True,0,275.0,95.0,0.045,False,25.0,1.1899,0.9309,0.42261826174069944,sliding,True,0.25,0.2499999,1.1726566,0,16.1165,17.5111,-2.4449,True,0,27.5,-1000022.4172009905,False,False,0.0,0.0,0.0155956,0.009004123858173728,0.0155956,False,0.024894800000083706
2.1021179795625173e-05,8.581921404906945e-06,2.1021255384094932e-05,0.0,155.0,-25.0,0.003,True,0,305.0,125.0,0.045,False,25.0,1.0931,0.9945,0.42261826174069944,sliding,True,0.25,0.2499999,1.0620496,0,14.8056,16.0867,6.0603,True,0,27.5,-1000022.4293775059,False,False,0.0,0.0,0.0286542,0.016050265399986382,0.0286542,False,0.010004200000139463
7.856844150166147e-06,3.703751851538893e-06,7.856844150166147e-06,0.0,155.0,-25.0,0.002,True,0,270.0,90.0,0.045,False,25.0,1.187,0.9461,0.42261826174069944,sliding,True,0.25,0.2499999,1.1705748,0,16.0762,17.4673,-3.8306,True,0,27.5,-1000022.6132966162,False,False,0.0,0.0,0.0155353,0.008969309636941593,0.0155353,False,0.025182800000038696
4.868921851909312e-05,1.8223618679553682e-05,4.8689624893007606e-05,0.0,155.0,-25.0,0.005,True,0,310.0,130.0,0.045,False,25.0,1.0511,1.0408,0.42261826174069944,sliding,True,0.25,0.2499999,1.0122839666666665,0,14.2356,15.4674,7.5171,True,0,27.5,-1000022.69304919,False,False,0.0,0.0,0.0555027,0.030980202653495777,0.0555027,False,0.00918920000003709
7.78973683766018e-06,3.672117161045443e-06,7.78973683766018e-06,0.0,155.0,-25.0,0.002,True,0,265.0,85.0,0.045,False,25.0,1.1795,0.9682,0.42261826174069944,sliding,True,0.25,0.2499999,1.1640456666666668,0,15.9746,17.3569,-5.2185,True,0,27.5,-1000022.8704182962,False,False,0.0,0.0,0.0154167,0.008900835895015703,0.0154167,False,0.025629800000160685
7.734112748079123e-05,2.7603566345673524e-05,7.734177056165042e-05,0.0,155.0,-25.0,0.007,True,0,315.0,135.0,0.045,False,25.0,0.9988,1.1043,0.42261826174069944,sliding,True,0.25,0.2499999,0.9592446875,0,13.5276,14.6981,8.9691,True,0,27.5,-1000023.171342179,False,False,0.0,0.0,0.0803646,0.044901204392950304,0.0803646,False,0.026478999999881125
7.648529270389177e-06,3.6055512754639896e-06,7.648529270389177e-06,0.0,155.0,-25.0,0.002,True,0,260.0,80.0,0.045,False,25.0,1.1674,0.9976,0.42261826174069944,sliding,True,0.25,0.2499999,1.1530278666666667,0,15.811,17.1791,-6.6134,True,0,27.5,-1000023.1937806737,False,False,0.0,0.0,0.0152395,0.008798529427315302,0.0152395,False,0.010034799999857569
7.507329751649384e-06,3.5389891839965327e-06,7.507329751649384e-06,0.0,155.0,-25.0,0.002,True,0,255.0,75.0,0.045,False,25.0,1.1505,1.0351,0.42261826174069944,sliding,True,0.25,0.2499999,1.1373178333333334,0,15.5827,16.9311,-8.0194,True,0,27.5,-1000023.59300519,False,False,0.0,0.0,0.0150012,0.008660946858167413,0.0150012,False,0.027388700000074095
0.00012522978878845082,4.276411950871165e-05,0.00012523001204334846,0.0,155.0,-25.0,0.01,True,0,320.0,140.0,0.045,False,25.0,0.9352,1.1908,0.42261826174069944,sliding,True,0.25,0.2499999,0.8989251545454546,0,12.6662,13.7623,10.3997,True,0,27.5,-1000023.9224064095,False,False,0.0,0.0,0.1158563,0.06468759894583562,0.1158563,False,0.02895100000000639
7.291776189653656e-06,3.4373762603991365e-06,7.291776189653656e-06,0.0,155.0,-25.0,0.002,True,0,250.0,70.0,0.045,False,25.0,1.1285,1.0817,0.42261826174069944,sliding,True,0.25,0.2499999,1.1165585666666666,0,15.2848,16.6074,-9.439,True,0,27.5,-1000024.0791856993,False,False,0.0,0.0,0.0146974,0.008485547846387605,0.0146974,False,0.029163799999878393
0.00020324490153506925,6.704445954406341e-05,0.0002032456648850128,0.0,155.0,-25.0,0.014,True,0,325.0,145.0,0.045,False,25.0,0.8593,1.3099,0.42261826174069944,sliding,True,0.25,0.2499998,0.8288653466666667,0,11.6383,12.6454,11.7863,True,0,27.5,-1000025.066690272,False,False,0.0,0.0,0.1592987,0.08861773172748592,0.1592987,False,0.02631769999993594
9.633275663033837e-06,4.541169697580373e-06,9.633275663033837e-06,0.0,150.0,-30.0,0.002,True,0,285.0,105.0,0.045,False,29.999999999999996,1.2339,1.1422,0.49999999999999994,sliding,True,0.25,0.2499999,1.2103589666666668,0,18.5486,16.2774,1.2745,True,0,27.5,-1000025.6781678756,False,False,0.0,0.0,0.0179196,0.010345885883770419,0.0179196,False,0.02563729999997122
9.77445650662992e-06,4.60772298550066e-06,9.77445650662992e-06,0.0,150.0,-30.0,0.002,True,0,280.0,100.0,0.045,False,29.999999999999996,1.2415,1.1397,0.49999999999999994,sliding,True,0.25,0.2499999,1.2186715666666668,0,18.6623,16.3772,-0.3563,True,0,27.5,-1000025.7097638801,False,False,0.0,0.0,0.0180039,0.010394556511463104,0.0180039,False,0.026263699999844903
9.567131231461184e-06,4.509988913511873e-06,9.567131231461184e-06,0.0,150.0,-30.0,0.002,True,0,290.0,110.0,0.045,False,29.999999999999996,1.2202,1.1539,0.49999999999999994,sliding,True,0.25,0.2499999,1.1959952333333332,0,18.3424,16.0965,2.9195,True,0,27.5,-1000025.727013405,False,False,0.0,0.0,0.0177473,0.010246408432389045,0.0177473,False,0.025280100000145467
9.77445650662992e-06,4.60772298550066e-06,9.77445650662992e-06,0.0,150.0,-30.0,0.002,True,0,275.0,95.0,0.045,False,29.999999999999996,1.2434,1.1459,0.49999999999999994,sliding,True,0.25,0.2499999,1.2214161333333333,0,18.6908,16.4023,-1.9756,True,0,27.5,-1000025.8185204135,False,False,0.0,0.0,0.0180073,0.010396519502378349,0.0180073,False,0.027311999999938052
9.350935782048767e-06,4.408073401284411e-06,9.350935782048767e-06,0.0,150.0,-30.0,0.002,True,0,295.0,115.0,0.045,False,29.999999999999996,1.1997,1.1757,0.49999999999999994,sliding,True,0.25,0.2499999,1.1749569666666666,0,18.0342,15.826,4.58,True,0,27.5,-1000025.8637614815,False,False,0.0,0.0,0.0174773,0.010090523859707847,0.0174773,False,0.010103600000093138
9.7e-06,4.572623851673007e-06,9.7e-06,0.0,150.0,-30.0,0.002,True,0,270.0,90.0,0.045,False,29.999999999999996,1.2399,1.1604,0.49999999999999994,sliding,True,0.25,0.2499999,1.2188983333333334,0,18.6388,16.3567,-3.587,True,0,27.5,-1000026.0013278042,False,False,0.0,0.0,0.0179345,0.010354488402781343,0.0179345,False,0.009615599999960978
9.068627239003708e-06,4.274991877835039e-06,9.068627239003708e-06,0.0,150.0,-30.0,0.002,True,0,300.0,120.0,0.045,False,29.999999999999996,1.1716,1.2092,0.49999999999999994,sliding,True,0.25,0.2499999,1.1464748333333334,0,17.6118,15.4554,6.2544,True,0,27.5,-1000026.1047140417,False,False,0.0,0.0,0.0170978,0.009871419432550382,0.0170978,False,0.00939739999989797
9.558765610684258e-06,4.506045322058406e-06,9.558765610684258e-06,0.0,150.0,-30.0,0.002,True,0,265.0,85.0,0.045,False,29.999999999999996,1.2312,1.1836,0.49999999999999994,sliding,True,0.25,0.2499999,1.2112668333333334,0,18.5085,16.2423,-5.1949,True,0,27.5,-1000026.2649805635,False,False,0.0,0.0,0.0177878,0.010269791118291224,0.0177878,False,0.024158699999816236
8.645229898620394e-06,4.0754004574874465e-06,8.645229898620394e-06,0.0,150.0,-30.0,0.002,True,0,305.0,125.0,0.045,False,29.999999999999996,1.135,1.2568,0.49999999999999994,sliding,True,0.25,0.2499999,1.1096655666666668,0,17.0613,14.9723,7.9381,True,0,27.5,-1000026.4763543928,False,False,0.0,0.0,0.0165947,0.009580954512121083,0.0165947,False,0.02465640000013991
9.417536832951596e-06,4.4394694377694375e-06,9.417536832951596e-06,0.0,150.0,-30.0,0.002,True,0,260.0,80.0,0.045,False,29.999999999999996,1.2173,1.2157,0.49999999999999994,sliding,True,0.25,0.2499999,1.1985112666666666,0,18.2996,16.059,-6.8028,True,0,27.5,-1000026.6122407934,False,False,0.0,0.0,0.0175672,0.010142427648907994,0.0175672,False,0.02541279999991275
0.00035983186351405845,0.0001156216289819313,0.00035983283438825525,0.0,155.0,-25.0,0.02,True,0,330.0,150.0,0.045,False,25.0,0.7704,1.4772,0.42261826174069944,sliding,True,0.25,0.2499998,0.7465856523809524,0,10.4343,11.3372,13.1002,True,0,27.5,-1000026.8275314376,False,False,0.0,0.0,0.2189165,0.12091678388540214,0.2189165,False,0.010554199999887715
8.221921916437786e-06,3.8758511609996356e-06,8.221921916437786e-06,0.0,150.0,-30.0,0.002,True,0,310.0,130.0,0.045,False,29.999999999999996,1.0888,1.3218,0.49999999999999994,sliding,True,0.25,0.2499999,1.0635742666666668,0,16.3675,14.3634,9.622,True,0,27.5,-1000027.0173385376,False,False,0.0,0.0,0.0159527,0.009210295639301343,0.0159527,False,0.024597200000016528
9.135097153287424e-06,4.306326095924975e-06,9.135097153287424e-06,0.0,150.0,-30.0,0.002,True,0,255.0,75.0,0.045,False,29.999999999999996,1.198,1.2578,0.49999999999999994,sliding,True,0.25,0.2499999,1.1804698,0,18.0095,15.8044,-8.4138,True,0,27.5,-1000027.0571185986,False,False,0.0,0.0,0.0172705,0.009971127824039432,0.0172705,False,0.02482729999996991
8.919641248391103e-06,4.204759208325728e-06,8.919641248391103e-06,0.0,150.0,-30.0,0.002,True,0,250.0,70.0,0.045,False,29.999999999999996,1.173,1.311,0.49999999999999994,sliding,True,0.25,0.2499999,1.1568389,0,17.6335,15.4744,-10.0294,True,0,27.5,-1000027.6127261072,False,False,0.0,0.0,0.0168934,0.009753409037528023,0.0168934,False,0.025396500000169908
7.582216034906946e-06,3.5742909164693845e-06,7.582216034906946e-06,0.0,150.0,-30.0,0.002,True,0,315.0,135.0,0.045,False,29.999999999999996,1.0321,1.4094,0.49999999999999994,sliding,True,0.25,0.2499999,1.0072357666666667,0,15.5147,13.615,11.2921,True,0,27.5,-1000027.7925991558,False,False,0.0,0.0,0.0151555,0.008750032004703374,0.0151555,False,0.02593380000007528
8.495881355103776e-06,4.004996878900157e-06,8.495881355103776e-06,0.0,150.0,-30.0,0.002,True,0,245.0,65.0,0.045,False,29.999999999999996,1.1419,1.3772,0.49999999999999994,sliding,True,0.25,0.2499999,1.1271875666666666,0,17.1649,15.0632,-11.649,True,0,27.5,-1000028.3020296806,False,False,0.0,0.0,0.0164301,0.00948592265781247,0.0164301,False,0.009525000000166983
3.4958403853723066e-05,1.3533957292676817e-05,3.495845740898465e-05,0.0,150.0,-30.0,0.004,True,0,320.0,140.0,0.045,False,29.999999999999996,0.9638,1.5273,0.49999999999999994,sliding,True,0.25,0.2499999,0.92313894,0,14.4881,12.7141,12.9285,True,0,27.5,-1000028.7842344793,False,False,0.0,0.0,0.0424097,0.023635851563292575,0.0424097,False,0.00997230000007221
8.139410298049853e-06,3.8369548110737795e-06,8.139410298049853e-06,0.0,150.0,-30.0,0.002,True,0,240.0,60.0,0.045,False,29.999999999999996,1.104,1.459,0.49999999999999994,sliding,True,0.25,0.2499999,1.0909767333333333,0,16.5955,14.5635,-13.2693,True,0,27.5,-1000029.1573026298,False,False,0.0,0.0,0.0158729,0.00916422308782001,0.0158729,False,0.026042499999903157
0.0,0.0,0.0,0.0,145.0,-35.0,0.001,True,0,280.0,100.0,0.045,False,35.0,1.2923,1.3822,0.573576436351046,sliding,True,0.25,0.2499999,1.2923053,0,20.9394,15.1514,0.3182,True,0,27.5,-1000029.6882424,False,False,0.0,0.0,0.0,0.0,0.0,False,0.009300999999823034
0.0008211452003147799,0.0002589461674025868,0.0008211677004271147,0.0,155.0,-25.0,0.032,True,0,335.0,155.0,0.045,False,25.0,0.6683,1.7215,0.42261826174069944,sliding,True,0.25,0.2499998,0.6510367696969698,0,9.0512,9.8344,14.3072,True,0,27.5,-1000029.7156977017,False,False,0.0,0.0,0.3340087,0.18203389312059692,0.3340087,False,0.010929199999964112
0.0,0.0,0.0,0.0,145.0,-35.0,0.001,True,0,285.0,105.0,0.045,False,35.0,1.2835,1.3894,0.573576436351046,sliding,True,0.25,0.2499999,1.2834698,0,20.7962,15.0478,2.1559,True,0,27.5,-1000029.7183583999,False,False,0.0,0.0,0.0,0.0,0.0,False,0.0256845000001249
0.0,0.0,0.0,0.016,145.0,-35.0,0.001,True,0,275.0,95.0,0.045,False,35.0,1.2947,1.3856,0.573576436351046,sliding,True,0.25,0.2499999,1.2947071,0,20.9783,15.1795,-1.5063,True,0,27.5,-1000029.7550568,False,False,0.0,0.0,0.0,0.0,0.0,False,0.024849700000004304
0.0,0.0,0.0,0.0,145.0,-35.0,0.001,True,0,290.0,110.0,0.045,False,35.0,1.2677,1.4081,0.573576436351046,sliding,True,0.25,0.2499999,1.2677345,0,20.5412,14.8633,4.0077,True,0,27.5,-1000029.8542759999,False,False,0.0,0.0,0.0,0.0,0.0,False,0.024679399999968155
0.0,0.0,0.0,0.0,145.0,-35.0,0.001,True,0,270.0,90.0,0.045,False,35.0,1.291,1.3993,0.573576436351046,sliding,True,0.25,0.2499999,1.2909889,0,20.918,15.1359,-3.3193,True,0,27.5,-1000029.9171111999,False,False,0.0,0.0,0.0,0.0,0.0,False,0.009365300000126808
0.0,0.0,0.0,0.0,145.0,-35.0,0.001,True,0,295.0,115.0,0.045,False,35.0,1.2445,1.4394,0.573576436351046,sliding,True,0.25,0.2499999,1.2444885,0,20.1646,14.5907,5.8723,True,0,27.5,-1000030.1065079999,False,False,0.0,0.0,0.0,0.0,0.0,False,0.024583200000051875
0.0,0.0,0.0,0.0,145.0,-35.0,0.001,True,0,265.0,85.0,0.045,False,35.0,1.2813,1.4235,0.573576436351046,sliding,True,0.25,0.2499999,1.2813111,0,20.7612,15.0225,-5.1234,True,0,27.5,-1000030.1784888,False,False,0.0,0.0,0.0,0.0,0.0,False,0.025118300000031013
7.574298647399639e-06,3.570558624205586e-06,7.574298647399639e-06,0.0,150.0,-30.0,0.002,True,0,235.0,55.0,0.045,False,29.999999999999996,1.0588,1.5602,0.49999999999999994,sliding,True,0.25,0.2499999,1.0475857333333334,0,15.9162,13.9674,-14.884,True,0,27.5,-1000030.2265935501,False,False,0.0,0.0,0.0152135,0.008783518320316371,0.0152135,False,0.009834400000045207
1.0462313319720454e-05,4.9319817968484475e-06,1.0462313319720454e-05,0.0,145.0,-35.0,0.002,True,0,300.0,120.0,0.045,False,35.0,1.213,1.4855,0.573576436351046,sliding,True,0.25,0.2499999,1.1843649,0,19.6543,14.2215,7.7461,True,0,27.5,-1000030.276974399,False,False,0.0,0.0,0.0190026,0.010971156225302784,0.0190026,False,0.025016499999992448
7.732541626140787e-05,2.759316887836553e-05,7.732645682845703e-05,0.0,150.0,-30.0,0.007,True,0,325.0,145.0,0.045,False,29.999999999999996,0.8831,1.6878,0.49999999999999994,sliding,True,0.25,0.2499998,0.84211925,0,13.2755,11.65,14.5051,True,0,27.5,-1000030.4033253922,False,False,0.0,0.0,0.0796985,0.044400995491345685,0.0796985,False,0.02479540000013003
0.0,0.0,0.0,0.0,145.0,-35.0,0.001,True,0,260.0,80.0,0.045,False,35.0,1.2657,1.4586,0.573576436351046,sliding,True,0.25,0.2499999,1.2656853,0,20.508,14.8393,-6.9206,True,0,27.5,-1000030.5448824,False,False,0.0,0.0,0.0,0.0,0.0,False,0.02587919999996302
1.010198000393982e-05,4.7621190427978355e-06,1.010198000393982e-05,0.0,145.0,-35.0,0.002,True,0,305.0,125.0,0.045,False,35.0,1.1724,1.5492,0.573576436351046,sliding,True,0.25,0.2499999,1.1435615666666668,0,18.9966,13.7456,9.6216,True,0,27.5,-1000030.8421047437,False,False,0.0,0.0,0.0183998,0.010623129483035277,0.0183998,False,0.0259648000001107
0.0,0.0,0.0,0.0,145.0,-35.0,0.001,True,0,255.0,75.0,0.045,False,35.0,1.244,1.5056,0.573576436351046,sliding,True,0.25,0.2499999,1.243983,0,20.1564,14.5848,-8.7122,True,0,27.5,-1000031.0292639999,False,False,0.0,0.0,0.0,0.0,0.0,False,0.025134999999863794
1.0360019305001319e-05,4.883759935859984e-06,1.0360019305001319e-05,0.0,145.0,-35.0,0.002,True,0,250.0,70.0,0.045,False,35.0,1.2159,1.566,0.573576436351046,sliding,True,0.25,0.2499999,1.1959392666666668,0,19.7022,14.2561,-10.498,True,0,27.5,-1000031.4965003509,False,False,0.0,0.0,0.0188186,0.010864923775771891,0.0188186,False,0.02536099999997532
7.076722405181653e-06,3.335998934185814e-06,7.076722405181653e-06,0.0,150.0,-30.0,0.002,True,0,230.0,50.0,0.045,False,29.999999999999996,1.0056,1.6859,0.49999999999999994,sliding,True,0.25,0.2499999,0.9963480666666666,0,15.1172,13.2662,-16.4826,True,0,27.5,-1000031.5761566792,False,False,0.0,0.0,0.0144429,0.008338612202878846,0.0144429,False,0.02603359999989152
9.46255779374689e-06,4.460692522218695e-06,9.46255779374689e-06,0.016,145.0,-35.0,0.002,True,0,310.0,130.0,0.045,False,35.0,1.1218,1.6348,0.573576436351046,sliding,True,0.25,0.2499999,1.0930475000000002,0,18.1773,13.1528,11.4872,True,0,27.5,-1000031.6359610198,False,False,0.0,0.0,0.017641,0.010185036098774188,0.017641,False,0.02621169999997619
0.008141157628986187,0.004740735547608062,0.4918127852917626,0.359,155.0,-25.0,14.203,True,0,245.0,65.0,0.045,False,25.0,1.1009,1.1391,0.42261826174069944,rolling,True,0.25,0.454874,0.035757425711067305,92,14.9104,16.2006,-10.873,True,0,27.5,-1000031.9766356427,False,False,0.0036274799690206297,51.521098,1.5703989,1.4002792674348035,1.7825408,False,0.8140424999999141
9.999999999999999e-06,4.714045207910317e-06,9.999999999999999e-06,0.0,145.0,-35.0,0.002,True,0,245.0,65.0,0.045,False,35.0,1.1812,1.6419,0.573576436351046,sliding,True,0.25,0.2499999,1.1627678333333333,0,19.1394,13.849,-12.2759,True,0,27.5,-1000032.2934861074,False,False,0.0,0.0,0.0182681,0.010547092452583002,0.0182681,False,0.02486389999990024
8.741853350405736e-06,4.120949189473491e-06,8.741853350405736e-06,0.0,145.0,-35.0,0.002,True,0,315.0,135.0,0.045,False,35.0,1.0604,1.749,0.573576436351046,sliding,True,0.25,0.2499999,1.0320439666666668,0,17.1817,12.4324,13.3259,True,0,27.5,-1000032.7462467504,False,False,0.0,0.0,0.0167115,0.009648389023562432,0.0167115,False,0.010901400000193462
0.00014522052196573322,4.900540077946058e-05,0.00014522095990391983,0.0,150.0,-30.0,0.011,True,0,330.0,150.0,0.045,False,29.999999999999996,0.7896,1.9118,0.49999999999999994,sliding,True,0.25,0.2499998,0.7545262333333334,0,11.8694,10.416,15.9898,True,0,27.5,-1000032.8708314755,False,False,0.0,0.0,0.1229939,0.06838755712404852,0.1229939,False,0.025275100000044404
9.420191080864549e-06,4.440720662234903e-06,9.420191080864549e-06,0.0,145.0,-35.0,0.002,True,0,240.0,60.0,0.045,False,35.0,1.1393,1.7363,0.573576436351046,sliding,True,0.25,0.2499999,1.1226538666666668,0,18.461,13.358,-14.0411,True,0,27.5,-1000033.2937833833,False,False,0.0,0.0,0.0176104,0.010167369180536984,0.0176104,False,0.02460160000009637
0.0,0.0,0.0,0.0,140.0,-40.0,0.001,True,0,280.0,100.0,0.045,False,39.99999999999999,1.3388,1.6576,0.6427876096865393,sliding,True,0.25,0.2499999,1.3388324,0,22.9222,13.8407,0.9597,True,0,27.5,-1000033.9160592,False,False,0.0,0.0,0.0,0.0,0.0,False,0.02517929999999069
0.0,0.0,0.0,0.0,140.0,-40.0,0.001,True,0,275.0,95.0,0.045,False,39.99999999999999,1.342,1.6579,0.6427876096865393,sliding,True,0.25,0.2499999,1.3420171,0,22.9767,13.8736,-1.0439,True,0,27.5,-1000033.9457368,False,False,0.0,0.0,0.0,0.0,0.0,False,0.025358699999969758
0.0,0.0,0.0,0.0,140.0,-40.0,0.001,True,0,285.0,105.0,0.045,False,39.99999999999999,1.3284,1.6703,0.6427876096865393,sliding,True,0.25,0.2499999,1.3284195,0,22.7439,13.733,2.9763,True,0,27.5,-1000034.0105559999,False,False,0.0,0.0,0.0,0.0,0.0,False,0.02670669999997699
0.0,0.0,0.0,0.0,140.0,-40.0,0.001,True,0,270.0,90.0,0.045,False,39.99999999999999,1.3383,1.6706,0.6427876096865393,sliding,True,0.25,0.2499999,1.338281,0,22.9127,13.835,-3.034,True,0,27.5,-1000034.0936479999,False,False,0.0,0.0,0.0,0.0,0.0,False,0.02447159999996984
0.0,0.0,0.0,0.0,140.0,-40.0,0.001,True,0,290.0,110.0,0.045,False,39.99999999999999,1.3103,1.6968,0.6427876096865393,sliding,True,0.25,0.2499999,1.3103416,0,22.4344,13.5461,5.0041,True,0,27.5,-1000034.2369327999,False,False,0.0,0.0,0.0,0.0,0.0,False,0.01055980000001
7.963039620647381e-06,3.7538128764112778e-06,7.963039620647381e-06,0.0,145.0,-35.0,0.002,True,0,320.0,140.0,0.045,False,35.0,0.9873,1.9014,0.573576436351046,sliding,True,0.25,0.2499999,0.9598718,0,15.9971,11.5752,15.1154,True,0,27.5,-1000034.3019442286,False,False,0.0,0.0,0.0155975,0.009005220823685187,0.0155975,False,0.01033000000006723
0.0,0.0,0.0,0.0,140.0,-40.0,0.001,True,0,265.0,85.0,0.045,False,39.99999999999999,1.3278,1.6959,0.6427876096865393,sliding,True,0.25,0.2499999,1.3277984,0,22.7332,13.7266,-5.0107,True,0,27.5,-1000034.3639872,False,False,0.0,0.0,0.0,0.0,0.0,False,0.010008400000060647
8.860022573334676e-06,4.176654695380556e-06,8.860022573334676e-06,0.0,145.0,-35.0,0.002,True,0,235.0,55.0,0.045,False,35.0,1.0898,1.8537,0.573576436351046,sliding,True,0.25,0.2499999,1.0751036666666665,0,17.6586,12.7775,-15.7855,True,0,27.5,-1000034.5566040371,False,False,0.0,0.0,0.0168383,0.009721597037695677,0.0168383,False,0.010410200000023906
0.0,0.0,0.0,0.0,140.0,-40.0,0.001,True,0,295.0,115.0,0.045,False,39.99999999999999,1.284,1.739,0.6427876096865393,sliding,True,0.25,0.2499999,1.2840425,0,21.9841,13.2742,7.0393,True,0,27.5,-1000034.61734,False,False,0.0,0.0,0.0,0.0,0.0,False,0.0253299999999399
0.0,0.0,0.0,0.0,140.0,-40.0,0.001,True,0,260.0,80.0,0.045,False,39.99999999999999,1.3106,1.7343,0.6427876096865393,sliding,True,0.25,0.2499999,1.3106135,0,22.439,13.5489,-6.9738,True,0,27.5,-1000034.764108,False,False,0.0,0.0,0.0,0.0,0.0,False,0.025575500000059037
0.0,0.0,0.0,0.0,140.0,-40.0,0.001,True,0,300.0,120.0,0.045,False,39.99999999999999,1.2489,1.7992,0.6427876096865393,sliding,True,0.25,0.2499999,1.2488674,0,21.3819,12.9106,9.0755,True,0,27.5,-1000035.1787392,False,False,0.0,0.0,0.0,0.0,0.0,False,0.010328099999924234
0.0,0.0,0.0,0.0,140.0,-40.0,0.001,True,0,255.0,75.0,0.045,False,39.99999999999999,1.2866,1.7868,0.6427876096865393,sliding,True,0.25,0.2499999,1.2866493,0,22.0287,13.3012,-8.9225,True,0,27.5,-1000035.3073944,False,False,0.0,0.0,0.0,0.0,0.0,False,0.0255499999998392
0.0,0.0,0.0,0.0,140.0,-40.0,0.001,True,0,305.0,125.0,0.045,False,39.99999999999999,1.2041,1.8811,0.6427876096865393,sliding,True,0.25,0.2499999,1.2040939,0,20.6153,12.4478,11.1025,True,0,27.5,-1000035.9671511999,False,False,0.0,0.0,0.0,0.0,0.0,False,0.009676200000058088
0.0,0.0,0.0,0.0,140.0,-40.0,0.001,True,0,250.0,70.0,0.045,False,39.99999999999999,1.2557,1.8553,0.6427876096865393,sliding,True,0.25,0.2499999,1.2557202,0,21.4992,12.9815,-10.8546,True,0,27.5,-1000036.0189615999,False,False,0.0,0.0,0.0,0.0,0.0,False,0.010850500000060492
8.140024569987488e-06,3.837244381642176e-06,8.140024569987488e-06,0.0,145.0,-35.0,0.002,True,0,230.0,50.0,0.045,False,35.0,1.0322,2.0002,0.573576436351046,sliding,True,0.25,0.2499999,1.0195940666666667,0,16.7242,12.1013,-17.4976,True,0,27.5,-1000036.1630417106,False,False,0.0,0.0,0.0159442,0.00920538816201323,0.0159442,False,0.025849500000049375
3.50633712012978e-05,1.3577009980109759e-05,3.5063476873664695e-05,0.0,145.0,-35.0,0.004,True,0,325.0,145.0,0.045,False,35.0,0.9019,2.1077,0.573576436351046,sliding,True,0.25,0.2499998,0.8589314800000001,0,14.6136,10.5741,16.8274,True,0,27.5,-1000036.3962397969,False,False,0.0,0.0,0.0427217,0.023805631106147973,0.0427217,False,0.01052479999998468
0.000364444193258721,0.00011716801549431177,0.0003644490330606305,0.0,150.0,-30.0,0.02,True,0,335.0,155.0,0.045,False,29.999999999999996,0.6831,2.2368,0.49999999999999994,sliding,True,0.25,0.2499998,0.6616006333333333,0,10.2689,9.0116,17.3456,True,0,27.5,-1000036.7845964849,False,False,0.0,0.0,0.2160641,0.11904825266002737,0.2160641,False,0.010311199999932796
1.049571341072154e-05,4.947726750741193e-06,1.049571341072154e-05,0.0,140.0,-40.0,0.002,True,0,310.0,130.0,0.045,False,39.99999999999999,1.149,1.99,0.6427876096865393,sliding,True,0.25,0.2499999,1.1178234,0,19.6717,11.878,13.1061,True,0,27.5,-1000036.8076649221,False,False,0.0,0.0,0.0190223,0.010982530025605817,0.0190223,False,0.025275500000134343
0.0,0.0,0.0,0.016,140.0,-40.0,0.001,True,0,245.0,65.0,0.045,False,39.99999999999999,1.2176,1.942,0.6427876096865393,sliding,True,0.25,0.2499999,1.2175521,0,20.8457,12.5869,-12.7662,True,0,27.5,-1000036.9274167999,False,False,0.0,0.0,0.0,0.0,0.0,False,0.025302600000031816
1.0515227054134399e-05,4.956925570463118e-06,1.0515227054134399e-05,0.0,140.0,-40.0,0.002,True,0,240.0,60.0,0.045,False,39.99999999999999,1.1718,2.0507,0.6427876096865393,sliding,True,0.25,0.2499999,1.15184,0,20.0625,12.114,-14.6507,True,0,27.5,-1000037.929610881,False,False,0.0,0.0,0.0190998,0.011027274671468013,0.0190998,False,0.009583599999814396
7.420242583635659e-06,3.4979358992919747e-06,7.420242583635659e-06,0.0,145.0,-35.0,0.002,True,0,225.0,45.0,0.045,False,35.0,0.9659,2.1848,0.573576436351046,sliding,True,0.25,0.2499999,0.9556151,0,15.65,11.3241,-19.162,True,0,27.5,-1000038.2351245966,False,False,0.0,0.0,0.0149207,0.00861447016149765,0.0149207,False,0.03153859999997621
9.724710792614862e-06,4.584272631023983e-06,9.724710792614862e-06,0.0,140.0,-40.0,0.002,True,0,315.0,135.0,0.045,False,39.99999999999999,1.0828,2.1341,0.6427876096865393,sliding,True,0.25,0.2499999,1.0520680666666666,0,18.5389,11.194,15.0672,True,0,27.5,-1000038.2985023344,False,False,0.0,0.0,0.0179644,0.010371751175830113,0.0179644,False,0.01009539999995468
0.0,0.0,0.0,0.0,135.0,-45.0,0.001,True,0,275.0,95.0,0.045,False,45.00000000000001,1.3841,1.9743,0.7071067811865476,sliding,True,0.25,0.2499999,1.384144,0,24.6942,12.5115,-0.5938,True,0,27.5,-1000038.712352,False,False,0.0,0.0,0.0,0.0,0.0,False,0.01022899999998117
0.0,0.0,0.0,0.016,135.0,-45.0,0.001,True,0,280.0,100.0,0.045,False,45.00000000000001,1.3799,1.9777,0.7071067811865476,sliding,True,0.25,0.2499999,1.379922,0,24.6189,12.4734,1.5633,True,0,27.5,-1000038.726176,False,False,0.0,0.0,0.0,0.0,0.0,False,0.025709099999858154
0.0,0.0,0.0,0.0,135.0,-45.0,0.001,True,0,270.0,90.0,0.045,False,45.00000000000001,1.3806,1.9859,0.7071067811865476,sliding,True,0.25,0.2499999,1.3806403,0,24.6317,12.4798,-2.7369,True,0,27.5,-1000038.8467223999,False,False,0.0,0.0,0.0,0.0,0.0,False,0.025626699999975244
0.0,0.0,0.0,0.0,135.0,-45.0,0.001,True,0,285.0,105.0,0.045,False,45.00000000000001,1.3677,1.9967,0.7071067811865476,sliding,True,0.25,0.2499999,1.3676833,0,24.4005,12.3627,3.7313,True,0,27.5,-1000038.8942663999,False,False,0.0,0.0,0.0,0.0,0.0,False,0.0102550000001429
0.0,0.0,0.0,0.0,135.0,-45.0,0.001,True,0,265.0,85.0,0.045,False,45.00000000000001,1.3696,2.0124,0.7071067811865476,sliding,True,0.25,0.2499999,1.3695941,0,24.4346,12.38,-4.8631,True,0,27.5,-1000039.1293528,False,False,0.0,0.0,0.0,0.0,0.0,False,0.009418000000096072
0.0,0.0,0.0,0.0,135.0,-45.0,0.001,True,0,290.0,110.0,0.045,False,45.00000000000001,1.347,2.0324,0.7071067811865476,sliding,True,0.25,0.2499999,1.3470351,0,24.0322,12.1761,5.9054,True,0,27.5,-1000039.2288808,False,False,0.0,0.0,0.0,0.0,0.0,False,0.025303899999926216
9.932270636667125e-06,4.682117279844901e-06,9.932270636667125e-06,0.0,140.0,-40.0,0.002,True,0,235.0,55.0,0.045,False,39.99999999999999,1.1181,2.1864,0.6427876096865393,sliding,True,0.25,0.2499999,1.1001343666666668,0,19.1432,11.5589,-16.4988,True,0,27.5,-1000039.4153727011,False,False,0.0,0.0,0.0182204,0.010519552844742657,0.0182204,False,0.02727099999992788
0.0,0.0,0.0,0.0,135.0,-45.0,0.001,True,0,260.0,80.0,0.045,False,45.00000000000001,1.3511,2.0546,0.7071067811865476,sliding,True,0.25,0.2499999,1.3510823,0,24.1044,12.2127,-6.9698,True,0,27.5,-1000039.5720583999,False,False,0.0,0.0,0.0,0.0,0.0,False,0.024258299999928568
9.266898078645303e-05,3.250846803260899e-05,9.26701493036196e-05,0.0,145.0,-35.0,0.008,True,0,330.0,150.0,0.045,False,35.0,0.8039,2.3942,0.573576436351046,sliding,True,0.25,0.2499998,0.7635110555555555,0,13.0265,9.4257,18.4283,True,0,27.5,-1000039.6713207244,False,False,0.0,0.0,0.0918289,0.05113444007158428,0.0918289,False,0.010178400000086185
0.0,0.0,0.0,0.0,135.0,-45.0,0.001,True,0,295.0,115.0,0.045,False,45.00000000000001,1.3175,2.087,0.7071067811865476,sliding,True,0.25,0.2499999,1.3174954,0,23.5051,11.9091,8.079,True,0,27.5,-1000039.7569631999,False,False,0.0,0.0,0.0,0.0,0.0,False,0.02563359999999193
0.0,0.0,0.0,0.0,135.0,-45.0,0.001,True,0,255.0,75.0,0.045,False,45.00000000000001,1.3251,2.1135,0.7071067811865476,sliding,True,0.25,0.2499999,1.3250827,0,23.6405,11.9777,-9.0538,True,0,27.5,-1000040.1886616,False,False,0.0,0.0,0.0,0.0,0.0,False,0.024428100000022823
0.008429710991487193,0.002638125376833567,0.008465247828859086,0.016,160.0,-20.0,0.09,True,0,215.0,35.0,0.045,False,20.0,0.7627,1.5809,0.3420201433256687,sliding,True,0.25,0.2499998,0.522295578021978,0,8.8997,12.3887,-17.4468,True,0,27.5,-1000040.1958357644,False,False,0.001582075555555556,0.14238680000000004,0.5111053,0.20972392412499014,0.5822987,False,0.017537800000354764
8.78179936004006e-06,4.139779919002673e-06,8.78179936004006e-06,0.0,140.0,-40.0,0.002,True,0,320.0,140.0,0.045,False,39.99999999999999,1.005,2.3255,0.6427876096865393,sliding,True,0.25,0.2499999,0.9752672333333333,0,17.2068,10.3897,16.9616,True,0,27.5,-1000040.363059821,False,False,0.0,0.0,0.0167135,0.009649543724100809,0.0167135,False,0.009736800000155199
0.006639648440241395,0.002064271036132049,0.006670430581770848,0.016,160.0,-20.0,0.078,True,0,220.0,40.0,0.045,False,20.0,0.8347,1.3963,0.3420201433256687,sliding,True,0.25,0.2499998,0.5863595949367089,0,9.7394,13.5576,-16.2325,True,0,27.5,-1000040.4999048981,False,False,0.0021367564102564105,0.166667,0.3717216,0.1470046504272444,0.4550551,False,0.029228699999748642
0.0,0.0,0.0,0.0,135.0,-45.0,0.001,True,0,300.0,120.0,0.045,False,45.00000000000001,1.2785,2.1636,0.7071067811865476,sliding,True,0.25,0.2499999,1.2785156,0,22.8097,11.5567,10.2427,True,0,27.5,-1000040.5175247999,False,False,0.0,0.0,0.0,0.0,0.0,False,0.026413199999979042
0.006547509480710967,0.002031766194132984,0.006576802721277937,0.016,160.0,-20.0,0.077,True,0,225.0,45.0,0.045,False,20.0,0.8967,1.2546,0.3420201433256687,sliding,True,0.25,0.2499998,0.6340112923076924,0,10.4628,14.5646,-14.9799,True,0,27.5,-1000040.9717795315,False,False,0.0024910493506493507,0.1918108,0.3468077,0.13667759933601464,0.44271309999999997,False,0.029495899999801622
0.0,0.0,0.0,0.016,135.0,-45.0,0.001,True,0,250.0,70.0,0.045,False,45.00000000000001,1.2915,2.1912,0.7071067811865476,sliding,True,0.25,0.2499999,1.2914869,0,23.0411,11.674,-11.1107,True,0,27.5,-1000041.0076951999,False,False,0.0,0.0,0.0,0.0,0.0,False,0.02479429999993954
0.007230550735594073,0.002246290780859482,0.007260629267847507,0.0,160.0,-20.0,0.081,True,0,230.0,50.0,0.045,False,20.0,0.9494,1.143,0.3420201433256687,sliding,True,0.25,0.2499999,0.6670320670731708,0,11.078,15.421,-13.7103,True,0,27.5,-1000041.2501886254,False,False,0.0026938419753086426,0.21820120000000004,0.3696519,0.14630718573258342,0.47875249999999997,False,0.029173500000069907
9.126883367283709e-06,4.302454080070014e-06,9.126883367283709e-06,0.0,140.0,-40.0,0.002,True,0,230.0,50.0,0.045,False,39.99999999999999,1.0561,2.3562,0.6427876096865393,sliding,True,0.25,0.2499999,1.0404050666666667,0,18.0817,10.9179,-18.2979,True,0,27.5,-1000041.314195193,False,False,0.0,0.0,0.0172103,0.009936371337834217,0.0172103,False,0.010088200000154757
0.0,0.0,0.0,0.0,135.0,-45.0,0.001,True,0,305.0,125.0,0.045,False,45.00000000000001,1.2295,2.2665,0.7071067811865476,sliding,True,0.25,0.2499999,1.2295132,0,21.9355,11.1138,12.384,True,0,27.5,-1000041.5661056,False,False,0.0,0.0,0.0,0.0,0.0,False,0.0255122000000938
0.0,0.0,0.0,0.016,135.0,-45.0,0.001,True,0,245.0,65.0,0.045,False,45.00000000000001,1.2501,2.2905,0.7071067811865476,sliding,True,0.25,0.2499999,1.2501189,0,22.3031,11.3,-13.1344,True,0,27.5,-1000042.0669511999,False,False,0.0,0.0,0.0,0.0,0.0,False,0.0260808000000452
0.0,0.0,0.0,0.0,135.0,-45.0,0.001,True,0,310.0,130.0,0.045,False,45.00000000000001,1.1699,2.4025,0.7071067811865476,sliding,True,0.25,0.2499999,1.169916,0,20.8722,10.5751,14.4864,True,0,27.5,-1000042.993328,False,False,0.0,0.0,0.0,0.0,0.0,False,0.009494099999983519
7.666159403508382e-06,3.61386219991853e-06,7.666159403508382e-06,0.0,140.0,-40.0,0.002,True,0,325.0,145.0,0.045,False,39.99999999999999,0.9152,2.5835,0.6427876096865393,sliding,True,0.25,0.2499999,0.8871710666666667,0,15.669,9.4611,18.7603,True,0,27.5,-1000043.2695381625,False,False,0.0,0.0,0.0152612,0.008811057928156717,0.0152612,False,0.009728499999937412
0.0,0.0,0.0,0.0,135.0,-45.0,0.001,True,0,240.0,60.0,0.045,False,45.00000000000001,1.2008,2.4156,0.7071067811865476,sliding,True,0.25,0.2499999,1.2007591,0,21.4225,10.8539,-15.1168,True,0,27.5,-1000043.4234728,False,False,0.0,0.0,0.0,0.0,0.0,False,0.010455000000092696
8.321658488546619e-06,3.92286743197994e-06,8.321658488546619e-06,0.0,140.0,-40.0,0.002,True,0,225.0,45.0,0.045,False,39.99999999999999,0.9855,2.5708,0.6427876096865393,sliding,True,0.25,0.2499999,0.9723055,0,16.8726,10.1878,-20.0322,True,0,27.5,-1000043.773255661,False,False,0.0,0.0,0.0160643,0.009274727929342905,0.0160643,False,0.027333099999850674
0.0,0.0,0.0,0.0,130.0,-50.0,0.001,True,0,275.0,95.0,0.045,False,50.0,1.4206,2.3522,0.766044443118978,sliding,True,0.25,0.2499999,1.4205718,0,26.1466,11.1159,-0.1595,True,0,27.5,-1000044.2943743999,False,False,0.0,0.0,0.0,0.0,0.0,False,0.03441829999997026
0.0,0.0,0.0,0.0,130.0,-50.0,0.001,True,0,280.0,100.0,0.045,False,50.0,1.4151,2.36,0.766044443118978,sliding,True,0.25,0.2499999,1.4150961,0,26.0459,11.073,2.1268,True,0,27.5,-1000044.3597688,False,False,0.0,0.0,0.0,0.0,0.0,False,0.028287099999943166
0.0,0.0,0.0,0.016,130.0,-50.0,0.001,True,0,270.0,90.0,0.045,False,50.0,1.4175,2.3624,0.766044443118978,sliding,True,0.25,0.2499999,1.4175424,0,26.0909,11.0922,-2.4325,True,0,27.5,-1000044.4129392,False,False,0.0,0.0,0.0,0.0,0.0,False,0.030863399999816465
0.014829890899800982,0.005941186462141352,0.6452137151204244,0.344,155.0,-25.0,15.913,True,0,215.0,35.0,0.045,False,25.0,0.7778,1.9303,0.42261826174069944,sliding,True,0.25,0.4548552,0.03311575421641322,108,10.5347,11.4463,-19.4215,True,0,27.5,-1000044.5022630347,False,False,0.003643329893797524,57.9763086,1.5705326,1.372887172317893,1.6656894,False,0.7784770999999182
0.0,0.0,0.0,0.0,130.0,-50.0,0.001,True,0,285.0,105.0,0.045,False,50.0,1.4009,2.3865,0.766044443118978,sliding,True,0.25,0.2499999,1.4008517,0,25.7837,10.9616,4.42,True,0,27.5,-1000044.6168136,False,False,0.0,0.0,0.0,0.0,0.0,False,0.010263499999837222
1.0465180361560904e-05,4.933333333333333e-06,1.0465180361560904e-05,0.0,135.0,-45.0,0.002,True,0,315.0,135.0,0.045,False,45.00000000000001,1.0992,2.5813,0.7071067811865476,sliding,True,0.25,0.2499999,1.0670100333333332,0,19.6109,9.936,16.5294,True,0,27.5,-1000044.679337399,False,False,0.0,0.0,0.0189434,0.010936977089366756,0.0189434,False,0.02480229999991934
0.0,0.0,0.0,0.0,130.0,-50.0,0.001,True,0,265.0,85.0,0.045,False,50.0,1.4062,2.3904,0.766044443118978,sliding,True,0.25,0.2499999,1.4061932,0,25.882,11.0034,-4.6867,True,0,27.5,-1000044.7141456,False,False,0.0,0.0,0.0,0.0,0.0,False,0.011282899999969231
0.00022867745844310934,7.498370421923353e-05,0.00022868034625812435,0.0,145.0,-35.0,0.015,True,0,335.0,155.0,0.045,False,35.0,0.6936,2.8084,0.573576436351046,sliding,True,0.25,0.2499998,0.6655135625,0,11.2379,8.1315,19.8802,True,0,27.5,-1000044.7513814928,False,False,0.0,0.0,0.1668768,0.09251098167144468,0.1668768,False,0.010368400000061229
0.0,0.0,0.0,0.0,130.0,-50.0,0.001,True,0,290.0,110.0,0.045,False,50.0,1.3775,2.4332,0.766044443118978,sliding,True,0.25,0.2499999,1.3775035,0,25.3539,10.7789,6.7125,True,0,27.5,-1000045.083828,False,False,0.0,0.0,0.0,0.0,0.0,False,0.01015440000014678
0.0,0.0,0.0,0.0,135.0,-45.0,0.001,True,0,235.0,55.0,0.045,False,45.00000000000001,1.1432,2.5724,0.7071067811865476,sliding,True,0.25,0.2499999,1.1431741,0,20.3951,10.3333,-17.0472,True,0,27.5,-1000045.1579928,False,False,0.0,0.0,0.0,0.0,0.0,False,0.009545500000058382
0.0,0.0,0.0,0.0,130.0,-50.0,0.001,True,0,260.0,80.0,0.045,False,50.0,1.3866,2.437,0.766044443118978,sliding,True,0.25,0.2499999,1.3866304,0,25.5219,10.8503,-6.9164,True,0,27.5,-1000045.2100432,False,False,0.0,0.0,0.0,0.0,0.0,False,0.02711999999996806
0.0,0.0,0.0,0.0,130.0,-50.0,0.001,True,0,295.0,115.0,0.045,False,50.0,1.3447,2.5027,0.766044443118978,sliding,True,0.25,0.2499999,1.34466,0,24.7494,10.5219,8.9948,True,0,27.5,-1000045.7940799999,False,False,0.0,0.0,0.0,0.0,0.0,False,0.02802550000001247
0.0,0.0,0.0,0.0,130.0,-50.0,0.001,True,0,255.0,75.0,0.045,False,50.0,1.3589,2.5035,0.766044443118978,sliding,True,0.25,0.2499999,1.3588869,0,25.0113,10.6332,-9.1159,True,0,27.5,-1000045.9190951999,False,False,0.0,0.0,0.0,0.0,0.0,False,0.027294799999936004
0.0,0.0,0.0,0.016,130.0,-50.0,0.001,True,0,300.0,120.0,0.045,False,50.0,1.3019,2.5987,0.766044443118978,sliding,True,0.25,0.2499999,1.3018957,0,23.9623,10.1873,11.255,True,0,27.5,-1000046.7959656,False,False,0.0,0.0,0.0,0.0,0.0,False,0.02726159999997435
0.0,0.0,0.0,0.0,130.0,-50.0,0.001,True,0,250.0,70.0,0.045,False,50.0,1.3229,2.5923,0.766044443118978,sliding,True,0.25,0.2499999,1.3229336,0,24.3495,10.3519,-11.2784,True,0,27.5,-1000046.8746687999,False,False,0.0,0.0,0.0,0.0,0.0,False,0.02815429999986918
7.3783466982786865e-06,3.478185989532155e-06,7.3783466982786865e-06,0.031,140.0,-40.0,0.002,True,0,220.0,40.0,0.045,False,39.99999999999999,0.906,2.8463,0.6427876096865393,sliding,True,0.25,0.2499998,0.8955505666666667,0,15.5123,9.3665,-21.6824,True,0,27.5,-1000047.0155800777,False,False,0.0,0.0,0.0147782,0.008532197748138128,0.0147782,False,0.03143380000005891
9.976472322419383e-06,4.702954154335101e-06,9.976472322419383e-06,0.0,135.0,-45.0,0.002,True,0,230.0,50.0,0.045,False,45.00000000000001,1.0772,2.7692,0.7071067811865476,sliding,True,0.25,0.2499999,1.0586002,0,19.2172,9.7366,-18.9125,True,0,27.5,-1000047.242329175,False,False,0.0,0.0,0.0182701,0.010548247153121382,0.0182701,False,0.024742299999843453
4.8361658366933616e-05,1.8084347129800153e-05,4.836183913048089e-05,0.016,140.0,-40.0,0.005,True,0,330.0,150.0,0.045,False,39.99999999999999,0.8133,2.9406,0.6427876096865393,sliding,True,0.25,0.2499998,0.76776575,0,13.924,8.4075,20.4295,True,0,27.5,-1000047.333896196,False,False,0.0,0.0,0.0544172,0.03032131974711303,0.0544172,False,0.025101100000028964
9.43716058992322e-06,4.448720165520766e-06,9.43716058992322e-06,0.0,135.0,-45.0,0.002,True,0,320.0,140.0,0.045,False,45.00000000000001,1.017,2.8178,0.7071067811865476,sliding,True,0.25,0.2499999,0.9858571666666668,0,18.1449,9.1933,18.4878,True,0,27.5,-1000047.3404212266,False,False,0.0,0.0,0.0175675,0.010142600853988751,0.0175675,False,0.025896599999896353
0.0,0.0,0.0,0.0,130.0,-50.0,0.001,True,0,245.0,65.0,0.045,False,50.0,1.2787,2.7065,0.766044443118978,sliding,True,0.25,0.2499999,1.2786957,0,23.5353,10.0057,-13.3958,True,0,27.5,-1000048.1195656,False,False,0.0,0.0,0.0,0.0,0.0,False,0.010917700000163677
0.0,0.0,0.0,0.0,130.0,-50.0,0.001,True,0,305.0,125.0,0.045,False,50.0,1.2488,2.7268,0.766044443118978,sliding,True,0.25,0.2499999,1.2487829,0,22.9847,9.7717,13.478,True,0,27.5,-1000048.1644631999,False,False,0.0,0.0,0.0,0.0,0.0,False,0.026765199999999822
0.007563707964351876,0.0023484516685904388,0.007602097843030831,0.016,155.0,-25.0,0.083,True,0,220.0,40.0,0.045,False,25.0,0.854,1.7073,0.42261826174069944,sliding,True,0.25,0.2499998,0.554678011904762,0,11.5659,12.5667,-18.0711,True,0,27.5,-1000048.456358527,False,False,0.0026990987951807234,0.22402520000000004,0.3756513,0.14946332371411866,0.48766390000000004,False,0.03378160000011121
0.0070167383434185425,0.0021682127769702833,0.007050957065527453,0.0,155.0,-25.0,0.079,True,0,225.0,45.0,0.045,False,25.0,0.9203,1.5366,0.42261826174069944,sliding,True,0.25,0.2499999,0.60390142125,0,12.4648,13.5434,-16.6652,True,0,27.5,-1000049.6650452026,False,False,0.0032823822784810116,0.25930819999999993,0.3102592,0.12854708753011435,0.4399133,False,0.030195700000149372
0.0,0.0,0.0,0.0,130.0,-50.0,0.001,True,0,240.0,60.0,0.045,False,50.0,1.2261,2.8511,0.766044443118978,sliding,True,0.25,0.2499999,1.2260748,0,22.5668,9.594,-15.4584,True,0,27.5,-1000049.7229984,False,False,0.0,0.0,0.0,0.0,0.0,False,0.028041099999882135
0.0,0.0,0.0,0.0,130.0,-50.0,0.001,True,0,310.0,130.0,0.045,False,50.0,1.1849,2.8949,0.766044443118978,sliding,True,0.25,0.2499999,1.1849324,0,21.8095,9.272,15.646,True,0,27.5,-1000050.0070592,False,False,0.0,0.0,0.0,0.0,0.0,False,0.02670399999988149
8.994442728707543e-06,4.240020964308759e-06,8.994442728707543e-06,0.0,135.0,-45.0,0.002,True,0,225.0,45.0,0.045,False,45.00000000000001,1.0025,3.0185,0.7071067811865476,sliding,True,0.25,0.2499999,0.9866071000000001,0,17.8861,9.0621,-20.6967,True,0,27.5,-1000050.1559221491,False,False,0.0,0.0,0.017013,0.009822460129723104,0.017013,False,0.025078399999983958
0.00727589497793914,0.0022436611597698476,0.007308290603138523,0.016,155.0,-25.0,0.08,True,0,230.0,50.0,0.045,False,25.0,0.9775,1.4027,0.42261826174069944,sliding,True,0.25,0.2499999,0.638569237037037,0,13.2389,14.3845,-15.2267,True,0,27.5,-1000050.7404423478,False,False,0.003705872500000001,0.29646980000000006,0.2892434,0.12775047190185412,0.4374783,False,0.014076800000111689
8.229216244576394e-06,3.879289740260308e-06,8.229216244576394e-06,0.0,135.0,-45.0,0.002,True,0,325.0,145.0,0.045,False,45.00000000000001,0.9232,3.1356,0.7071067811865476,sliding,True,0.25,0.2499999,0.8939098333333333,0,16.4713,8.3453,20.3327,True,0,27.5,-1000051.0532279898,False,False,0.0,0.0,0.0159899,0.009231773069315198,0.0159899,False,0.025325399999928777
0.00806731843055671,0.002487074563908118,0.008099197283812727,0.016,155.0,-25.0,0.084,True,0,235.0,55.0,0.045,False,25.0,1.0261,1.2958,0.42261826174069944,sliding,True,0.25,0.2499999,0.6600766411764706,0,13.8976,15.1001,-13.7738,True,0,27.5,-1000051.5881577804,False,False,0.003999083333333333,0.33592299999999997,0.2912051,0.13569899947647585,0.4591666,False,0.028924399999823436
0.0,0.0,0.0,0.0,130.0,-50.0,0.001,True,0,235.0,55.0,0.045,False,50.0,1.165,3.033,0.766044443118978,sliding,True,0.25,0.2499999,1.1649747,0,21.4422,9.1159,-17.4545,True,0,27.5,-1000051.7807975999,False,False,0.0,0.0,0.0,0.0,0.0,False,0.027851000000055137
0.009842670184457062,0.003044870922905778,0.009875631673143143,0.016,155.0,-25.0,0.093,True,0,240.0,60.0,0.045,False,25.0,1.067,1.2094,0.42261826174069944,sliding,True,0.25,0.2499999,0.6667408457446808,0,14.4513,15.7017,-12.3196,True,0,27.5,-1000051.7819165803,False,False,0.004067924731182796,0.37831700000000007,0.3420505,0.15646148543394334,0.531209,False,0.01472050000006675
0.0,0.0,0.0,0.0,130.0,-50.0,0.001,True,0,315.0,135.0,0.045,False,50.0,1.11,3.1149,0.766044443118978,sliding,True,0.25,0.2499999,1.1100419,0,20.4311,8.686,17.7372,True,0,27.5,-1000052.4879352,False,False,0.0,0.0,0.0,0.0,0.0,False,0.026440000000093278
0.00018193309209706737,6.045452921031489e-05,0.0001819357801679107,0.016,140.0,-40.0,0.013,True,0,335.0,155.0,0.045,False,39.99999999999999,0.6996,3.4554,0.6427876096865393,sliding,True,0.25,0.2499998,0.6677158428571428,0,11.9772,7.232,21.9324,True,0,27.5,-1000053.804233647,False,False,0.0,0.0,0.1487219,0.0827209011637584,0.1487219,False,0.025747099999989587
7.964923100695951e-06,3.754700757420993e-06,7.964923100695951e-06,0.016,135.0,-45.0,0.002,True,0,220.0,40.0,0.045,False,45.00000000000001,0.9193,3.3391,0.7071067811865476,sliding,True,0.25,0.2499999,0.9062564333333333,0,16.401,8.3097,-22.381,True,0,27.5,-1000054.0008225653,False,False,0.0,0.0,0.0156137,0.009014573898046059,0.0156137,False,0.031778900000063004
1.0651291001564083e-05,5.021066730398145e-06,1.0651291001564083e-05,0.0,130.0,-50.0,0.002,True,0,230.0,50.0,0.045,False,50.0,1.0953,3.262,0.766044443118978,sliding,True,0.25,0.2499999,1.0743008666666667,0,20.1604,8.5709,-19.3702,True,0,27.5,-1000054.2675895683,False,False,0.0,0.0,0.0191524,0.011057643295627388,0.0191524,False,0.027169000000185406
0.027596653532267274,0.011308290780383538,1.12670263496801,0.422,155.0,-25.0,18.259,True,0,210.0,30.0,0.045,False,25.0,0.6916,2.2314,0.42261826174069944,sliding,True,0.25,0.4548821,0.026396053247535595,106,9.3673,10.1779,-20.6888,True,0,27.5,-1000054.450679829,False,False,0.003662025017799441,66.8649148,1.57044,1.3076850732816447,1.6494790000000001,False,0.8962415999999394
9.916148445843276e-06,4.674517206205482e-06,9.916148445843276e-06,0.0,130.0,-50.0,0.002,True,0,320.0,140.0,0.045,False,50.0,1.024,3.4051,0.766044443118978,sliding,True,0.25,0.2499999,0.9919989,0,18.8466,8.0124,19.7269,True,0,27.5,-1000055.6120780959,False,False,0.0,0.0,0.0181965,0.010505754173309026,0.0181965,False,0.026804699999956938
3.4851829220286276e-05,1.3493109352554734e-05,3.4852931756757264e-05,0.0,135.0,-45.0,0.004,True,0,330.0,150.0,0.045,False,45.00000000000001,0.8179,3.5743,0.7071067811865476,sliding,True,0.25,0.2499998,0.77325502,0,14.5923,7.3933,22.0318,True,0,27.5,-1000056.243099704,False,False,0.0,0.0,0.0423058,0.023592425870393233,0.0423058,False,0.026352200000019366
0.009282322283782223,0.002875873204306742,0.009321701764607152,0.0,150.0,-30.0,0.091,True,0,225.0,45.0,0.045,False,29.999999999999996,0.9439,1.8439,0.49999999999999994,sliding,True,0.25,0.2499999,0.5538411956521739,0,14.1889,12.4516,-18.0507,True,0,27.5,-1000056.9622406573,False,False,0.0036497164835164833,0.3321242,0.3652727,0.15570442965310072,0.5313348,False,0.03286419999994905
9.575489543621255e-06,4.513929059650313e-06,9.575489543621255e-06,0.0,130.0,-50.0,0.002,True,0,225.0,45.0,0.045,False,50.0,1.0171,3.5526,0.766044443118978,sliding,True,0.25,0.2499999,0.9987265333333334,0,18.7214,7.9591,-21.1898,True,0,27.5,-1000057.7306694413,False,False,0.0,0.0,0.0177968,0.010274987270713933,0.0177968,False,0.010528300000032687
0.032672617088320303,0.012583067396429837,1.2151222312807994,0.453,150.0,-30.0,18.56,True,0,215.0,35.0,0.045,False,29.999999999999996,0.7926,2.3103,0.49999999999999994,rolling,True,0.25,0.4549993,0.026465010915360163,116,11.915,10.4561,-21.0142,True,0,27.5,-1000057.9876305274,False,False,0.003680264288793104,68.3057052,1.5704824,1.2925901034007425,1.6911129999999999,False,0.8996664999999666
8.616263691415207e-06,4.061745656460751e-06,8.616263691415207e-06,0.0,130.0,-50.0,0.002,True,0,325.0,145.0,0.045,False,50.0,0.9267,3.7941,0.766044443118978,sliding,True,0.25,0.2499999,0.8967339333333334,0,17.0567,7.2514,21.5869,True,0,27.5,-1000060.295081793,False,False,0.0,0.0,0.0165115,0.009532918969724505,0.0165115,False,0.011649400000123933
8.458132181516201e-06,3.9872017478148485e-06,8.458132181516201e-06,0.0,130.0,-50.0,0.002,True,0,220.0,40.0,0.045,False,50.0,0.9305,3.9268,0.766044443118978,sliding,True,0.25,0.2499999,0.9151089333333333,0,17.1271,7.2813,-22.8954,True,0,27.5,-1000062.2997751579,False,False,0.0,0.0,0.0162983,0.00940982789233328,0.0162983,False,0.01083070000004227
0.00014354100459450602,4.845573868089425e-05,0.000143543482958135,0.016,135.0,-45.0,0.011,True,0,335.0,155.0,0.045,False,45.00000000000001,0.7016,4.2056,0.7071067811865476,sliding,True,0.25,0.2499997,0.6631739666666666,0,12.5163,6.3415,23.5506,True,0,27.5,-1000064.2522986328,False,False,0.0,0.0,0.1261435,0.07040549554943609,0.1261435,False,0.02670550000016192
2.1208488866489286e-05,8.658738360754412e-06,2.1209994510399156e-05,0.0,130.0,-50.0,0.003,True,0,330.0,150.0,0.045,False,50.0,0.8186,4.3301,0.766044443118978,sliding,True,0.25,0.2499998,0.778806,0,15.067,6.4055,23.2873,True,0,27.5,-1000066.8619446835,False,False,0.0,0.0,0.0289382,0.016213151277049753,0.0289382,False,0.027347899999995207
0.04796600846808081,0.023230052706943557,2.5154281099817544,0.75,145.0,-35.0,27.015,True,0,215.0,35.0,0.045,False,35.0,0.8061,2.7315,0.573576436351046,rolling,True,0.25,0.4548151,0.0158596599274504,138,13.0608,9.4506,-22.2662,True,0,27.5,-1000067.6642316312,False,False,0.003408595091615769,92.0831964,1.5705852,1.1890275329462276,1.7181959,False,1.595725499999844
7.291776189653657e-06,3.4373762603991374e-06,7.291776189653657e-06,0.0,130.0,-50.0,0.002,True,0,215.0,35.0,0.045,False,50.0,0.8357,4.4196,0.766044443118978,sliding,True,0.25,0.2499998,0.8235271666666666,0,15.3818,6.5394,-24.4678,True,0,27.5,-1000068.4655344994,False,False,0.0,0.0,0.0146589,0.008463319861023805,0.0146589,False,0.0328090999998949
0.0001422084737278338,4.803415162384178e-05,0.00014221079773731767,0.0,130.0,-50.0,0.011,True,0,335.0,155.0,0.045,False,50.0,0.7003,5.1002,0.766044443118978,sliding,True,0.25,0.2499997,0.6602113,0,12.8887,5.4794,24.7965,True,0,27.5,-1000076.7522846317,False,False,0.0,0.0,0.1283382,0.07178720690063214,0.1283382,False,0.027200000000220825
